<?xml version="1.0" encoding="UTF-8"?>
<kml xmlns="http://www.opengis.net/kml/2.2">
  <Document>
    <name>Territorios </name>
    <Style id="poly-000000-1200-77-nodesc-normal">
      <LineStyle>
        <color>ff000000</color>
        <width>1.2</width>
      </LineStyle>
      <PolyStyle>
        <color>4d000000</color>
        <fill>1</fill>
        <outline>1</outline>
      </PolyStyle>
      <BalloonStyle>
        <text><![CDATA[<h3>$[name]</h3>]]></text>
      </BalloonStyle>
    </Style>
    <Style id="poly-000000-1200-77-nodesc-highlight">
      <LineStyle>
        <color>ff000000</color>
        <width>1.8</width>
      </LineStyle>
      <PolyStyle>
        <color>4d000000</color>
        <fill>1</fill>
        <outline>1</outline>
      </PolyStyle>
      <BalloonStyle>
        <text><![CDATA[<h3>$[name]</h3>]]></text>
      </BalloonStyle>
    </Style>
    <StyleMap id="poly-000000-1200-77-nodesc">
      <Pair>
        <key>normal</key>
        <styleUrl>#poly-000000-1200-77-nodesc-normal</styleUrl>
      </Pair>
      <Pair>
        <key>highlight</key>
        <styleUrl>#poly-000000-1200-77-nodesc-highlight</styleUrl>
      </Pair>
    </StyleMap>
    <Style id="poly-0097A7-1200-77-nodesc-normal">
      <LineStyle>
        <color>ffa79700</color>
        <width>1.2</width>
      </LineStyle>
      <PolyStyle>
        <color>4da79700</color>
        <fill>1</fill>
        <outline>1</outline>
      </PolyStyle>
      <BalloonStyle>
        <text><![CDATA[<h3>$[name]</h3>]]></text>
      </BalloonStyle>
    </Style>
    <Style id="poly-0097A7-1200-77-nodesc-highlight">
      <LineStyle>
        <color>ffa79700</color>
        <width>1.8</width>
      </LineStyle>
      <PolyStyle>
        <color>4da79700</color>
        <fill>1</fill>
        <outline>1</outline>
      </PolyStyle>
      <BalloonStyle>
        <text><![CDATA[<h3>$[name]</h3>]]></text>
      </BalloonStyle>
    </Style>
    <StyleMap id="poly-0097A7-1200-77-nodesc">
      <Pair>
        <key>normal</key>
        <styleUrl>#poly-0097A7-1200-77-nodesc-normal</styleUrl>
      </Pair>
      <Pair>
        <key>highlight</key>
        <styleUrl>#poly-0097A7-1200-77-nodesc-highlight</styleUrl>
      </Pair>
    </StyleMap>
    <Style id="poly-01579B-1200-77-normal">
      <LineStyle>
        <color>ff9b5701</color>
        <width>1.2</width>
      </LineStyle>
      <PolyStyle>
        <color>4d9b5701</color>
        <fill>1</fill>
        <outline>1</outline>
      </PolyStyle>
    </Style>
    <Style id="poly-01579B-1200-77-highlight">
      <LineStyle>
        <color>ff9b5701</color>
        <width>1.8</width>
      </LineStyle>
      <PolyStyle>
        <color>4d9b5701</color>
        <fill>1</fill>
        <outline>1</outline>
      </PolyStyle>
    </Style>
    <StyleMap id="poly-01579B-1200-77">
      <Pair>
        <key>normal</key>
        <styleUrl>#poly-01579B-1200-77-normal</styleUrl>
      </Pair>
      <Pair>
        <key>highlight</key>
        <styleUrl>#poly-01579B-1200-77-highlight</styleUrl>
      </Pair>
    </StyleMap>
    <Style id="poly-01579B-1200-77-nodesc-normal">
      <LineStyle>
        <color>ff9b5701</color>
        <width>1.2</width>
      </LineStyle>
      <PolyStyle>
        <color>4d9b5701</color>
        <fill>1</fill>
        <outline>1</outline>
      </PolyStyle>
      <BalloonStyle>
        <text><![CDATA[<h3>$[name]</h3>]]></text>
      </BalloonStyle>
    </Style>
    <Style id="poly-01579B-1200-77-nodesc-highlight">
      <LineStyle>
        <color>ff9b5701</color>
        <width>1.8</width>
      </LineStyle>
      <PolyStyle>
        <color>4d9b5701</color>
        <fill>1</fill>
        <outline>1</outline>
      </PolyStyle>
      <BalloonStyle>
        <text><![CDATA[<h3>$[name]</h3>]]></text>
      </BalloonStyle>
    </Style>
    <StyleMap id="poly-01579B-1200-77-nodesc">
      <Pair>
        <key>normal</key>
        <styleUrl>#poly-01579B-1200-77-nodesc-normal</styleUrl>
      </Pair>
      <Pair>
        <key>highlight</key>
        <styleUrl>#poly-01579B-1200-77-nodesc-highlight</styleUrl>
      </Pair>
    </StyleMap>
    <Style id="poly-0288D1-1200-77-nodesc-normal">
      <LineStyle>
        <color>ffd18802</color>
        <width>1.2</width>
      </LineStyle>
      <PolyStyle>
        <color>4dd18802</color>
        <fill>1</fill>
        <outline>1</outline>
      </PolyStyle>
      <BalloonStyle>
        <text><![CDATA[<h3>$[name]</h3>]]></text>
      </BalloonStyle>
    </Style>
    <Style id="poly-0288D1-1200-77-nodesc-highlight">
      <LineStyle>
        <color>ffd18802</color>
        <width>1.8</width>
      </LineStyle>
      <PolyStyle>
        <color>4dd18802</color>
        <fill>1</fill>
        <outline>1</outline>
      </PolyStyle>
      <BalloonStyle>
        <text><![CDATA[<h3>$[name]</h3>]]></text>
      </BalloonStyle>
    </Style>
    <StyleMap id="poly-0288D1-1200-77-nodesc">
      <Pair>
        <key>normal</key>
        <styleUrl>#poly-0288D1-1200-77-nodesc-normal</styleUrl>
      </Pair>
      <Pair>
        <key>highlight</key>
        <styleUrl>#poly-0288D1-1200-77-nodesc-highlight</styleUrl>
      </Pair>
    </StyleMap>
    <Style id="poly-097138-1200-77-nodesc-normal">
      <LineStyle>
        <color>ff387109</color>
        <width>1.2</width>
      </LineStyle>
      <PolyStyle>
        <color>4d387109</color>
        <fill>1</fill>
        <outline>1</outline>
      </PolyStyle>
      <BalloonStyle>
        <text><![CDATA[<h3>$[name]</h3>]]></text>
      </BalloonStyle>
    </Style>
    <Style id="poly-097138-1200-77-nodesc-highlight">
      <LineStyle>
        <color>ff387109</color>
        <width>1.8</width>
      </LineStyle>
      <PolyStyle>
        <color>4d387109</color>
        <fill>1</fill>
        <outline>1</outline>
      </PolyStyle>
      <BalloonStyle>
        <text><![CDATA[<h3>$[name]</h3>]]></text>
      </BalloonStyle>
    </Style>
    <StyleMap id="poly-097138-1200-77-nodesc">
      <Pair>
        <key>normal</key>
        <styleUrl>#poly-097138-1200-77-nodesc-normal</styleUrl>
      </Pair>
      <Pair>
        <key>highlight</key>
        <styleUrl>#poly-097138-1200-77-nodesc-highlight</styleUrl>
      </Pair>
    </StyleMap>
    <Style id="poly-1A237E-1200-77-nodesc-normal">
      <LineStyle>
        <color>ff7e231a</color>
        <width>1.2</width>
      </LineStyle>
      <PolyStyle>
        <color>4d7e231a</color>
        <fill>1</fill>
        <outline>1</outline>
      </PolyStyle>
      <BalloonStyle>
        <text><![CDATA[<h3>$[name]</h3>]]></text>
      </BalloonStyle>
    </Style>
    <Style id="poly-1A237E-1200-77-nodesc-highlight">
      <LineStyle>
        <color>ff7e231a</color>
        <width>1.8</width>
      </LineStyle>
      <PolyStyle>
        <color>4d7e231a</color>
        <fill>1</fill>
        <outline>1</outline>
      </PolyStyle>
      <BalloonStyle>
        <text><![CDATA[<h3>$[name]</h3>]]></text>
      </BalloonStyle>
    </Style>
    <StyleMap id="poly-1A237E-1200-77-nodesc">
      <Pair>
        <key>normal</key>
        <styleUrl>#poly-1A237E-1200-77-nodesc-normal</styleUrl>
      </Pair>
      <Pair>
        <key>highlight</key>
        <styleUrl>#poly-1A237E-1200-77-nodesc-highlight</styleUrl>
      </Pair>
    </StyleMap>
    <Style id="poly-3949AB-1200-77-nodesc-normal">
      <LineStyle>
        <color>ffab4939</color>
        <width>1.2</width>
      </LineStyle>
      <PolyStyle>
        <color>4dab4939</color>
        <fill>1</fill>
        <outline>1</outline>
      </PolyStyle>
      <BalloonStyle>
        <text><![CDATA[<h3>$[name]</h3>]]></text>
      </BalloonStyle>
    </Style>
    <Style id="poly-3949AB-1200-77-nodesc-highlight">
      <LineStyle>
        <color>ffab4939</color>
        <width>1.8</width>
      </LineStyle>
      <PolyStyle>
        <color>4dab4939</color>
        <fill>1</fill>
        <outline>1</outline>
      </PolyStyle>
      <BalloonStyle>
        <text><![CDATA[<h3>$[name]</h3>]]></text>
      </BalloonStyle>
    </Style>
    <StyleMap id="poly-3949AB-1200-77-nodesc">
      <Pair>
        <key>normal</key>
        <styleUrl>#poly-3949AB-1200-77-nodesc-normal</styleUrl>
      </Pair>
      <Pair>
        <key>highlight</key>
        <styleUrl>#poly-3949AB-1200-77-nodesc-highlight</styleUrl>
      </Pair>
    </StyleMap>
    <Style id="poly-4E342E-1200-77-nodesc-normal">
      <LineStyle>
        <color>ff2e344e</color>
        <width>1.2</width>
      </LineStyle>
      <PolyStyle>
        <color>4d2e344e</color>
        <fill>1</fill>
        <outline>1</outline>
      </PolyStyle>
      <BalloonStyle>
        <text><![CDATA[<h3>$[name]</h3>]]></text>
      </BalloonStyle>
    </Style>
    <Style id="poly-4E342E-1200-77-nodesc-highlight">
      <LineStyle>
        <color>ff2e344e</color>
        <width>1.8</width>
      </LineStyle>
      <PolyStyle>
        <color>4d2e344e</color>
        <fill>1</fill>
        <outline>1</outline>
      </PolyStyle>
      <BalloonStyle>
        <text><![CDATA[<h3>$[name]</h3>]]></text>
      </BalloonStyle>
    </Style>
    <StyleMap id="poly-4E342E-1200-77-nodesc">
      <Pair>
        <key>normal</key>
        <styleUrl>#poly-4E342E-1200-77-nodesc-normal</styleUrl>
      </Pair>
      <Pair>
        <key>highlight</key>
        <styleUrl>#poly-4E342E-1200-77-nodesc-highlight</styleUrl>
      </Pair>
    </StyleMap>
    <Style id="poly-558B2F-1200-77-nodesc-normal">
      <LineStyle>
        <color>ff2f8b55</color>
        <width>1.2</width>
      </LineStyle>
      <PolyStyle>
        <color>4d2f8b55</color>
        <fill>1</fill>
        <outline>1</outline>
      </PolyStyle>
      <BalloonStyle>
        <text><![CDATA[<h3>$[name]</h3>]]></text>
      </BalloonStyle>
    </Style>
    <Style id="poly-558B2F-1200-77-nodesc-highlight">
      <LineStyle>
        <color>ff2f8b55</color>
        <width>1.8</width>
      </LineStyle>
      <PolyStyle>
        <color>4d2f8b55</color>
        <fill>1</fill>
        <outline>1</outline>
      </PolyStyle>
      <BalloonStyle>
        <text><![CDATA[<h3>$[name]</h3>]]></text>
      </BalloonStyle>
    </Style>
    <StyleMap id="poly-558B2F-1200-77-nodesc">
      <Pair>
        <key>normal</key>
        <styleUrl>#poly-558B2F-1200-77-nodesc-normal</styleUrl>
      </Pair>
      <Pair>
        <key>highlight</key>
        <styleUrl>#poly-558B2F-1200-77-nodesc-highlight</styleUrl>
      </Pair>
    </StyleMap>
    <Style id="poly-673AB7-1200-77-nodesc-normal">
      <LineStyle>
        <color>ffb73a67</color>
        <width>1.2</width>
      </LineStyle>
      <PolyStyle>
        <color>4db73a67</color>
        <fill>1</fill>
        <outline>1</outline>
      </PolyStyle>
      <BalloonStyle>
        <text><![CDATA[<h3>$[name]</h3>]]></text>
      </BalloonStyle>
    </Style>
    <Style id="poly-673AB7-1200-77-nodesc-highlight">
      <LineStyle>
        <color>ffb73a67</color>
        <width>1.8</width>
      </LineStyle>
      <PolyStyle>
        <color>4db73a67</color>
        <fill>1</fill>
        <outline>1</outline>
      </PolyStyle>
      <BalloonStyle>
        <text><![CDATA[<h3>$[name]</h3>]]></text>
      </BalloonStyle>
    </Style>
    <StyleMap id="poly-673AB7-1200-77-nodesc">
      <Pair>
        <key>normal</key>
        <styleUrl>#poly-673AB7-1200-77-nodesc-normal</styleUrl>
      </Pair>
      <Pair>
        <key>highlight</key>
        <styleUrl>#poly-673AB7-1200-77-nodesc-highlight</styleUrl>
      </Pair>
    </StyleMap>
    <Style id="poly-795548-1200-77-nodesc-normal">
      <LineStyle>
        <color>ff485579</color>
        <width>1.2</width>
      </LineStyle>
      <PolyStyle>
        <color>4d485579</color>
        <fill>1</fill>
        <outline>1</outline>
      </PolyStyle>
      <BalloonStyle>
        <text><![CDATA[<h3>$[name]</h3>]]></text>
      </BalloonStyle>
    </Style>
    <Style id="poly-795548-1200-77-nodesc-highlight">
      <LineStyle>
        <color>ff485579</color>
        <width>1.8</width>
      </LineStyle>
      <PolyStyle>
        <color>4d485579</color>
        <fill>1</fill>
        <outline>1</outline>
      </PolyStyle>
      <BalloonStyle>
        <text><![CDATA[<h3>$[name]</h3>]]></text>
      </BalloonStyle>
    </Style>
    <StyleMap id="poly-795548-1200-77-nodesc">
      <Pair>
        <key>normal</key>
        <styleUrl>#poly-795548-1200-77-nodesc-normal</styleUrl>
      </Pair>
      <Pair>
        <key>highlight</key>
        <styleUrl>#poly-795548-1200-77-nodesc-highlight</styleUrl>
      </Pair>
    </StyleMap>
    <Style id="poly-795548-1901-77-nodesc-normal">
      <LineStyle>
        <color>ff485579</color>
        <width>1.901</width>
      </LineStyle>
      <PolyStyle>
        <color>4d485579</color>
        <fill>1</fill>
        <outline>1</outline>
      </PolyStyle>
      <BalloonStyle>
        <text><![CDATA[<h3>$[name]</h3>]]></text>
      </BalloonStyle>
    </Style>
    <Style id="poly-795548-1901-77-nodesc-highlight">
      <LineStyle>
        <color>ff485579</color>
        <width>2.8515</width>
      </LineStyle>
      <PolyStyle>
        <color>4d485579</color>
        <fill>1</fill>
        <outline>1</outline>
      </PolyStyle>
      <BalloonStyle>
        <text><![CDATA[<h3>$[name]</h3>]]></text>
      </BalloonStyle>
    </Style>
    <StyleMap id="poly-795548-1901-77-nodesc">
      <Pair>
        <key>normal</key>
        <styleUrl>#poly-795548-1901-77-nodesc-normal</styleUrl>
      </Pair>
      <Pair>
        <key>highlight</key>
        <styleUrl>#poly-795548-1901-77-nodesc-highlight</styleUrl>
      </Pair>
    </StyleMap>
    <Style id="poly-7CB342-1200-77-nodesc-normal">
      <LineStyle>
        <color>ff42b37c</color>
        <width>1.2</width>
      </LineStyle>
      <PolyStyle>
        <color>4d42b37c</color>
        <fill>1</fill>
        <outline>1</outline>
      </PolyStyle>
      <BalloonStyle>
        <text><![CDATA[<h3>$[name]</h3>]]></text>
      </BalloonStyle>
    </Style>
    <Style id="poly-7CB342-1200-77-nodesc-highlight">
      <LineStyle>
        <color>ff42b37c</color>
        <width>1.8</width>
      </LineStyle>
      <PolyStyle>
        <color>4d42b37c</color>
        <fill>1</fill>
        <outline>1</outline>
      </PolyStyle>
      <BalloonStyle>
        <text><![CDATA[<h3>$[name]</h3>]]></text>
      </BalloonStyle>
    </Style>
    <StyleMap id="poly-7CB342-1200-77-nodesc">
      <Pair>
        <key>normal</key>
        <styleUrl>#poly-7CB342-1200-77-nodesc-normal</styleUrl>
      </Pair>
      <Pair>
        <key>highlight</key>
        <styleUrl>#poly-7CB342-1200-77-nodesc-highlight</styleUrl>
      </Pair>
    </StyleMap>
    <Style id="poly-817717-1200-77-nodesc-normal">
      <LineStyle>
        <color>ff177781</color>
        <width>1.2</width>
      </LineStyle>
      <PolyStyle>
        <color>4d177781</color>
        <fill>1</fill>
        <outline>1</outline>
      </PolyStyle>
      <BalloonStyle>
        <text><![CDATA[<h3>$[name]</h3>]]></text>
      </BalloonStyle>
    </Style>
    <Style id="poly-817717-1200-77-nodesc-highlight">
      <LineStyle>
        <color>ff177781</color>
        <width>1.8</width>
      </LineStyle>
      <PolyStyle>
        <color>4d177781</color>
        <fill>1</fill>
        <outline>1</outline>
      </PolyStyle>
      <BalloonStyle>
        <text><![CDATA[<h3>$[name]</h3>]]></text>
      </BalloonStyle>
    </Style>
    <StyleMap id="poly-817717-1200-77-nodesc">
      <Pair>
        <key>normal</key>
        <styleUrl>#poly-817717-1200-77-nodesc-normal</styleUrl>
      </Pair>
      <Pair>
        <key>highlight</key>
        <styleUrl>#poly-817717-1200-77-nodesc-highlight</styleUrl>
      </Pair>
    </StyleMap>
    <Style id="poly-880E4F-1200-77-nodesc-normal">
      <LineStyle>
        <color>ff4f0e88</color>
        <width>1.2</width>
      </LineStyle>
      <PolyStyle>
        <color>4d4f0e88</color>
        <fill>1</fill>
        <outline>1</outline>
      </PolyStyle>
      <BalloonStyle>
        <text><![CDATA[<h3>$[name]</h3>]]></text>
      </BalloonStyle>
    </Style>
    <Style id="poly-880E4F-1200-77-nodesc-highlight">
      <LineStyle>
        <color>ff4f0e88</color>
        <width>1.8</width>
      </LineStyle>
      <PolyStyle>
        <color>4d4f0e88</color>
        <fill>1</fill>
        <outline>1</outline>
      </PolyStyle>
      <BalloonStyle>
        <text><![CDATA[<h3>$[name]</h3>]]></text>
      </BalloonStyle>
    </Style>
    <StyleMap id="poly-880E4F-1200-77-nodesc">
      <Pair>
        <key>normal</key>
        <styleUrl>#poly-880E4F-1200-77-nodesc-normal</styleUrl>
      </Pair>
      <Pair>
        <key>highlight</key>
        <styleUrl>#poly-880E4F-1200-77-nodesc-highlight</styleUrl>
      </Pair>
    </StyleMap>
    <Style id="poly-9C27B0-1-79-nodesc-normal">
      <LineStyle>
        <color>ffb0279c</color>
        <width>0.001</width>
      </LineStyle>
      <PolyStyle>
        <color>4fb0279c</color>
        <fill>1</fill>
        <outline>1</outline>
      </PolyStyle>
      <BalloonStyle>
        <text><![CDATA[<h3>$[name]</h3>]]></text>
      </BalloonStyle>
    </Style>
    <Style id="poly-9C27B0-1-79-nodesc-highlight">
      <LineStyle>
        <color>ffb0279c</color>
        <width>0.0015</width>
      </LineStyle>
      <PolyStyle>
        <color>4fb0279c</color>
        <fill>1</fill>
        <outline>1</outline>
      </PolyStyle>
      <BalloonStyle>
        <text><![CDATA[<h3>$[name]</h3>]]></text>
      </BalloonStyle>
    </Style>
    <StyleMap id="poly-9C27B0-1-79-nodesc">
      <Pair>
        <key>normal</key>
        <styleUrl>#poly-9C27B0-1-79-nodesc-normal</styleUrl>
      </Pair>
      <Pair>
        <key>highlight</key>
        <styleUrl>#poly-9C27B0-1-79-nodesc-highlight</styleUrl>
      </Pair>
    </StyleMap>
    <Style id="poly-9C27B0-1200-77-nodesc-normal">
      <LineStyle>
        <color>ffb0279c</color>
        <width>1.2</width>
      </LineStyle>
      <PolyStyle>
        <color>4db0279c</color>
        <fill>1</fill>
        <outline>1</outline>
      </PolyStyle>
      <BalloonStyle>
        <text><![CDATA[<h3>$[name]</h3>]]></text>
      </BalloonStyle>
    </Style>
    <Style id="poly-9C27B0-1200-77-nodesc-highlight">
      <LineStyle>
        <color>ffb0279c</color>
        <width>1.8</width>
      </LineStyle>
      <PolyStyle>
        <color>4db0279c</color>
        <fill>1</fill>
        <outline>1</outline>
      </PolyStyle>
      <BalloonStyle>
        <text><![CDATA[<h3>$[name]</h3>]]></text>
      </BalloonStyle>
    </Style>
    <StyleMap id="poly-9C27B0-1200-77-nodesc">
      <Pair>
        <key>normal</key>
        <styleUrl>#poly-9C27B0-1200-77-nodesc-normal</styleUrl>
      </Pair>
      <Pair>
        <key>highlight</key>
        <styleUrl>#poly-9C27B0-1200-77-nodesc-highlight</styleUrl>
      </Pair>
    </StyleMap>
    <Style id="poly-A1C2FA-1200-77-nodesc-normal">
      <LineStyle>
        <color>fffac2a1</color>
        <width>1.2</width>
      </LineStyle>
      <PolyStyle>
        <color>4dfac2a1</color>
        <fill>1</fill>
        <outline>1</outline>
      </PolyStyle>
      <BalloonStyle>
        <text><![CDATA[<h3>$[name]</h3>]]></text>
      </BalloonStyle>
    </Style>
    <Style id="poly-A1C2FA-1200-77-nodesc-highlight">
      <LineStyle>
        <color>fffac2a1</color>
        <width>1.8</width>
      </LineStyle>
      <PolyStyle>
        <color>4dfac2a1</color>
        <fill>1</fill>
        <outline>1</outline>
      </PolyStyle>
      <BalloonStyle>
        <text><![CDATA[<h3>$[name]</h3>]]></text>
      </BalloonStyle>
    </Style>
    <StyleMap id="poly-A1C2FA-1200-77-nodesc">
      <Pair>
        <key>normal</key>
        <styleUrl>#poly-A1C2FA-1200-77-nodesc-normal</styleUrl>
      </Pair>
      <Pair>
        <key>highlight</key>
        <styleUrl>#poly-A1C2FA-1200-77-nodesc-highlight</styleUrl>
      </Pair>
    </StyleMap>
    <Style id="poly-A52714-1193-84-nodesc-normal">
      <LineStyle>
        <color>ff1427a5</color>
        <width>1.193</width>
      </LineStyle>
      <PolyStyle>
        <color>541427a5</color>
        <fill>1</fill>
        <outline>1</outline>
      </PolyStyle>
      <BalloonStyle>
        <text><![CDATA[<h3>$[name]</h3>]]></text>
      </BalloonStyle>
    </Style>
    <Style id="poly-A52714-1193-84-nodesc-highlight">
      <LineStyle>
        <color>ff1427a5</color>
        <width>1.7895</width>
      </LineStyle>
      <PolyStyle>
        <color>541427a5</color>
        <fill>1</fill>
        <outline>1</outline>
      </PolyStyle>
      <BalloonStyle>
        <text><![CDATA[<h3>$[name]</h3>]]></text>
      </BalloonStyle>
    </Style>
    <StyleMap id="poly-A52714-1193-84-nodesc">
      <Pair>
        <key>normal</key>
        <styleUrl>#poly-A52714-1193-84-nodesc-normal</styleUrl>
      </Pair>
      <Pair>
        <key>highlight</key>
        <styleUrl>#poly-A52714-1193-84-nodesc-highlight</styleUrl>
      </Pair>
    </StyleMap>
    <Style id="poly-A52714-1200-77-nodesc-normal">
      <LineStyle>
        <color>ff1427a5</color>
        <width>1.2</width>
      </LineStyle>
      <PolyStyle>
        <color>4d1427a5</color>
        <fill>1</fill>
        <outline>1</outline>
      </PolyStyle>
      <BalloonStyle>
        <text><![CDATA[<h3>$[name]</h3>]]></text>
      </BalloonStyle>
    </Style>
    <Style id="poly-A52714-1200-77-nodesc-highlight">
      <LineStyle>
        <color>ff1427a5</color>
        <width>1.8</width>
      </LineStyle>
      <PolyStyle>
        <color>4d1427a5</color>
        <fill>1</fill>
        <outline>1</outline>
      </PolyStyle>
      <BalloonStyle>
        <text><![CDATA[<h3>$[name]</h3>]]></text>
      </BalloonStyle>
    </Style>
    <StyleMap id="poly-A52714-1200-77-nodesc">
      <Pair>
        <key>normal</key>
        <styleUrl>#poly-A52714-1200-77-nodesc-normal</styleUrl>
      </Pair>
      <Pair>
        <key>highlight</key>
        <styleUrl>#poly-A52714-1200-77-nodesc-highlight</styleUrl>
      </Pair>
    </StyleMap>
    <Style id="poly-AFB42B-1200-77-nodesc-normal">
      <LineStyle>
        <color>ff2bb4af</color>
        <width>1.2</width>
      </LineStyle>
      <PolyStyle>
        <color>4d2bb4af</color>
        <fill>1</fill>
        <outline>1</outline>
      </PolyStyle>
      <BalloonStyle>
        <text><![CDATA[<h3>$[name]</h3>]]></text>
      </BalloonStyle>
    </Style>
    <Style id="poly-AFB42B-1200-77-nodesc-highlight">
      <LineStyle>
        <color>ff2bb4af</color>
        <width>1.8</width>
      </LineStyle>
      <PolyStyle>
        <color>4d2bb4af</color>
        <fill>1</fill>
        <outline>1</outline>
      </PolyStyle>
      <BalloonStyle>
        <text><![CDATA[<h3>$[name]</h3>]]></text>
      </BalloonStyle>
    </Style>
    <StyleMap id="poly-AFB42B-1200-77-nodesc">
      <Pair>
        <key>normal</key>
        <styleUrl>#poly-AFB42B-1200-77-nodesc-normal</styleUrl>
      </Pair>
      <Pair>
        <key>highlight</key>
        <styleUrl>#poly-AFB42B-1200-77-nodesc-highlight</styleUrl>
      </Pair>
    </StyleMap>
    <Style id="poly-C2185B-1200-77-nodesc-normal">
      <LineStyle>
        <color>ff5b18c2</color>
        <width>1.2</width>
      </LineStyle>
      <PolyStyle>
        <color>4d5b18c2</color>
        <fill>1</fill>
        <outline>1</outline>
      </PolyStyle>
      <BalloonStyle>
        <text><![CDATA[<h3>$[name]</h3>]]></text>
      </BalloonStyle>
    </Style>
    <Style id="poly-C2185B-1200-77-nodesc-highlight">
      <LineStyle>
        <color>ff5b18c2</color>
        <width>1.8</width>
      </LineStyle>
      <PolyStyle>
        <color>4d5b18c2</color>
        <fill>1</fill>
        <outline>1</outline>
      </PolyStyle>
      <BalloonStyle>
        <text><![CDATA[<h3>$[name]</h3>]]></text>
      </BalloonStyle>
    </Style>
    <StyleMap id="poly-C2185B-1200-77-nodesc">
      <Pair>
        <key>normal</key>
        <styleUrl>#poly-C2185B-1200-77-nodesc-normal</styleUrl>
      </Pair>
      <Pair>
        <key>highlight</key>
        <styleUrl>#poly-C2185B-1200-77-nodesc-highlight</styleUrl>
      </Pair>
    </StyleMap>
    <Style id="poly-E65100-1200-77-nodesc-normal">
      <LineStyle>
        <color>ff0051e6</color>
        <width>1.2</width>
      </LineStyle>
      <PolyStyle>
        <color>4d0051e6</color>
        <fill>1</fill>
        <outline>1</outline>
      </PolyStyle>
      <BalloonStyle>
        <text><![CDATA[<h3>$[name]</h3>]]></text>
      </BalloonStyle>
    </Style>
    <Style id="poly-E65100-1200-77-nodesc-highlight">
      <LineStyle>
        <color>ff0051e6</color>
        <width>1.8</width>
      </LineStyle>
      <PolyStyle>
        <color>4d0051e6</color>
        <fill>1</fill>
        <outline>1</outline>
      </PolyStyle>
      <BalloonStyle>
        <text><![CDATA[<h3>$[name]</h3>]]></text>
      </BalloonStyle>
    </Style>
    <StyleMap id="poly-E65100-1200-77-nodesc">
      <Pair>
        <key>normal</key>
        <styleUrl>#poly-E65100-1200-77-nodesc-normal</styleUrl>
      </Pair>
      <Pair>
        <key>highlight</key>
        <styleUrl>#poly-E65100-1200-77-nodesc-highlight</styleUrl>
      </Pair>
    </StyleMap>
    <Style id="poly-F48FB1-1200-77-nodesc-normal">
      <LineStyle>
        <color>ffb18ff4</color>
        <width>1.2</width>
      </LineStyle>
      <PolyStyle>
        <color>4db18ff4</color>
        <fill>1</fill>
        <outline>1</outline>
      </PolyStyle>
      <BalloonStyle>
        <text><![CDATA[<h3>$[name]</h3>]]></text>
      </BalloonStyle>
    </Style>
    <Style id="poly-F48FB1-1200-77-nodesc-highlight">
      <LineStyle>
        <color>ffb18ff4</color>
        <width>1.8</width>
      </LineStyle>
      <PolyStyle>
        <color>4db18ff4</color>
        <fill>1</fill>
        <outline>1</outline>
      </PolyStyle>
      <BalloonStyle>
        <text><![CDATA[<h3>$[name]</h3>]]></text>
      </BalloonStyle>
    </Style>
    <StyleMap id="poly-F48FB1-1200-77-nodesc">
      <Pair>
        <key>normal</key>
        <styleUrl>#poly-F48FB1-1200-77-nodesc-normal</styleUrl>
      </Pair>
      <Pair>
        <key>highlight</key>
        <styleUrl>#poly-F48FB1-1200-77-nodesc-highlight</styleUrl>
      </Pair>
    </StyleMap>
    <Style id="poly-F57C00-1200-77-nodesc-normal">
      <LineStyle>
        <color>ff007cf5</color>
        <width>1.2</width>
      </LineStyle>
      <PolyStyle>
        <color>4d007cf5</color>
        <fill>1</fill>
        <outline>1</outline>
      </PolyStyle>
      <BalloonStyle>
        <text><![CDATA[<h3>$[name]</h3>]]></text>
      </BalloonStyle>
    </Style>
    <Style id="poly-F57C00-1200-77-nodesc-highlight">
      <LineStyle>
        <color>ff007cf5</color>
        <width>1.8</width>
      </LineStyle>
      <PolyStyle>
        <color>4d007cf5</color>
        <fill>1</fill>
        <outline>1</outline>
      </PolyStyle>
      <BalloonStyle>
        <text><![CDATA[<h3>$[name]</h3>]]></text>
      </BalloonStyle>
    </Style>
    <StyleMap id="poly-F57C00-1200-77-nodesc">
      <Pair>
        <key>normal</key>
        <styleUrl>#poly-F57C00-1200-77-nodesc-normal</styleUrl>
      </Pair>
      <Pair>
        <key>highlight</key>
        <styleUrl>#poly-F57C00-1200-77-nodesc-highlight</styleUrl>
      </Pair>
    </StyleMap>
    <Style id="poly-F9A825-1200-77-nodesc-normal">
      <LineStyle>
        <color>ff25a8f9</color>
        <width>1.2</width>
      </LineStyle>
      <PolyStyle>
        <color>4d25a8f9</color>
        <fill>1</fill>
        <outline>1</outline>
      </PolyStyle>
      <BalloonStyle>
        <text><![CDATA[<h3>$[name]</h3>]]></text>
      </BalloonStyle>
    </Style>
    <Style id="poly-F9A825-1200-77-nodesc-highlight">
      <LineStyle>
        <color>ff25a8f9</color>
        <width>1.8</width>
      </LineStyle>
      <PolyStyle>
        <color>4d25a8f9</color>
        <fill>1</fill>
        <outline>1</outline>
      </PolyStyle>
      <BalloonStyle>
        <text><![CDATA[<h3>$[name]</h3>]]></text>
      </BalloonStyle>
    </Style>
    <StyleMap id="poly-F9A825-1200-77-nodesc">
      <Pair>
        <key>normal</key>
        <styleUrl>#poly-F9A825-1200-77-nodesc-normal</styleUrl>
      </Pair>
      <Pair>
        <key>highlight</key>
        <styleUrl>#poly-F9A825-1200-77-nodesc-highlight</styleUrl>
      </Pair>
    </StyleMap>
    <Style id="poly-FBC02D-1200-77-nodesc-normal">
      <LineStyle>
        <color>ff2dc0fb</color>
        <width>1.2</width>
      </LineStyle>
      <PolyStyle>
        <color>4d2dc0fb</color>
        <fill>1</fill>
        <outline>1</outline>
      </PolyStyle>
      <BalloonStyle>
        <text><![CDATA[<h3>$[name]</h3>]]></text>
      </BalloonStyle>
    </Style>
    <Style id="poly-FBC02D-1200-77-nodesc-highlight">
      <LineStyle>
        <color>ff2dc0fb</color>
        <width>1.8</width>
      </LineStyle>
      <PolyStyle>
        <color>4d2dc0fb</color>
        <fill>1</fill>
        <outline>1</outline>
      </PolyStyle>
      <BalloonStyle>
        <text><![CDATA[<h3>$[name]</h3>]]></text>
      </BalloonStyle>
    </Style>
    <StyleMap id="poly-FBC02D-1200-77-nodesc">
      <Pair>
        <key>normal</key>
        <styleUrl>#poly-FBC02D-1200-77-nodesc-normal</styleUrl>
      </Pair>
      <Pair>
        <key>highlight</key>
        <styleUrl>#poly-FBC02D-1200-77-nodesc-highlight</styleUrl>
      </Pair>
    </StyleMap>
    <Style id="poly-FF5252-1200-77-nodesc-normal">
      <LineStyle>
        <color>ff5252ff</color>
        <width>1.2</width>
      </LineStyle>
      <PolyStyle>
        <color>4d5252ff</color>
        <fill>1</fill>
        <outline>1</outline>
      </PolyStyle>
      <BalloonStyle>
        <text><![CDATA[<h3>$[name]</h3>]]></text>
      </BalloonStyle>
    </Style>
    <Style id="poly-FF5252-1200-77-nodesc-highlight">
      <LineStyle>
        <color>ff5252ff</color>
        <width>1.8</width>
      </LineStyle>
      <PolyStyle>
        <color>4d5252ff</color>
        <fill>1</fill>
        <outline>1</outline>
      </PolyStyle>
      <BalloonStyle>
        <text><![CDATA[<h3>$[name]</h3>]]></text>
      </BalloonStyle>
    </Style>
    <StyleMap id="poly-FF5252-1200-77-nodesc">
      <Pair>
        <key>normal</key>
        <styleUrl>#poly-FF5252-1200-77-nodesc-normal</styleUrl>
      </Pair>
      <Pair>
        <key>highlight</key>
        <styleUrl>#poly-FF5252-1200-77-nodesc-highlight</styleUrl>
      </Pair>
    </StyleMap>
    <Style id="poly-FFD600-1200-77-nodesc-normal">
      <LineStyle>
        <color>ff00d6ff</color>
        <width>1.2</width>
      </LineStyle>
      <PolyStyle>
        <color>4d00d6ff</color>
        <fill>1</fill>
        <outline>1</outline>
      </PolyStyle>
      <BalloonStyle>
        <text><![CDATA[<h3>$[name]</h3>]]></text>
      </BalloonStyle>
    </Style>
    <Style id="poly-FFD600-1200-77-nodesc-highlight">
      <LineStyle>
        <color>ff00d6ff</color>
        <width>1.8</width>
      </LineStyle>
      <PolyStyle>
        <color>4d00d6ff</color>
        <fill>1</fill>
        <outline>1</outline>
      </PolyStyle>
      <BalloonStyle>
        <text><![CDATA[<h3>$[name]</h3>]]></text>
      </BalloonStyle>
    </Style>
    <StyleMap id="poly-FFD600-1200-77-nodesc">
      <Pair>
        <key>normal</key>
        <styleUrl>#poly-FFD600-1200-77-nodesc-normal</styleUrl>
      </Pair>
      <Pair>
        <key>highlight</key>
        <styleUrl>#poly-FFD600-1200-77-nodesc-highlight</styleUrl>
      </Pair>
    </StyleMap>
    <Style id="poly-FFEA00-1200-77-nodesc-normal">
      <LineStyle>
        <color>ff00eaff</color>
        <width>1.2</width>
      </LineStyle>
      <PolyStyle>
        <color>4d00eaff</color>
        <fill>1</fill>
        <outline>1</outline>
      </PolyStyle>
      <BalloonStyle>
        <text><![CDATA[<h3>$[name]</h3>]]></text>
      </BalloonStyle>
    </Style>
    <Style id="poly-FFEA00-1200-77-nodesc-highlight">
      <LineStyle>
        <color>ff00eaff</color>
        <width>1.8</width>
      </LineStyle>
      <PolyStyle>
        <color>4d00eaff</color>
        <fill>1</fill>
        <outline>1</outline>
      </PolyStyle>
      <BalloonStyle>
        <text><![CDATA[<h3>$[name]</h3>]]></text>
      </BalloonStyle>
    </Style>
    <StyleMap id="poly-FFEA00-1200-77-nodesc">
      <Pair>
        <key>normal</key>
        <styleUrl>#poly-FFEA00-1200-77-nodesc-normal</styleUrl>
      </Pair>
      <Pair>
        <key>highlight</key>
        <styleUrl>#poly-FFEA00-1200-77-nodesc-highlight</styleUrl>
      </Pair>
    </StyleMap>
    <Placemark>
      <name>Territorio #7</name>
      <styleUrl>#poly-A52714-1200-77-nodesc</styleUrl>
      <Polygon>
        <outerBoundaryIs>
          <LinearRing>
            <tessellate>1</tessellate>
            <coordinates>
              -68.089209,-16.5260382,0
              -68.0889099,-16.526087,0
              -68.0884446,-16.5261076,0
              -68.0880316,-16.5260407,0
              -68.0878411,-16.5210598,0
              -68.0886538,-16.521011,0
              -68.0887865,-16.5235053,0
              -68.0891077,-16.5250713,0
              -68.0892174,-16.5255355,0
              -68.089209,-16.5260382,0
            </coordinates>
          </LinearRing>
        </outerBoundaryIs>
      </Polygon>
    </Placemark>
    <Placemark>
      <name>Territorio #8</name>
      <styleUrl>#poly-795548-1901-77-nodesc</styleUrl>
      <Polygon>
        <outerBoundaryIs>
          <LinearRing>
            <tessellate>1</tessellate>
            <coordinates>
              -68.0886978,-16.5209353,0
              -68.0878208,-16.5209661,0
              -68.0877041,-16.5180912,0
              -68.0885664,-16.5180757,0
              -68.0886254,-16.5192252,0
              -68.0888024,-16.5192587,0
              -68.0886978,-16.5209353,0
            </coordinates>
          </LinearRing>
        </outerBoundaryIs>
      </Polygon>
    </Placemark>
    <Placemark>
      <name>Territorio #13</name>
      <styleUrl>#poly-E65100-1200-77-nodesc</styleUrl>
      <Polygon>
        <outerBoundaryIs>
          <LinearRing>
            <tessellate>1</tessellate>
            <coordinates>
              -68.0887787,-16.5179348,0
              -68.0876951,-16.5179862,0
              -68.0874805,-16.513234,0
              -68.087856,-16.5131723,0
              -68.0881349,-16.513666,0
              -68.0885856,-16.5146124,0
              -68.0887787,-16.5179348,0
            </coordinates>
          </LinearRing>
        </outerBoundaryIs>
      </Polygon>
    </Placemark>
    <Placemark>
      <name>Territorio#14</name>
      <styleUrl>#poly-817717-1200-77-nodesc</styleUrl>
      <Polygon>
        <outerBoundaryIs>
          <LinearRing>
            <tessellate>1</tessellate>
            <coordinates>
              -68.0868798,-16.5092316,0
              -68.087073,-16.5103014,0
              -68.0871078,-16.5107823,0
              -68.08703,-16.5108595,0
              -68.0871789,-16.5117685,0
              -68.0873439,-16.5122841,0
              -68.087824,-16.5131096,0
              -68.0874805,-16.513234,0
              -68.0866867,-16.5120192,0
              -68.0863219,-16.5114946,0
              -68.0859679,-16.5111552,0
              -68.0858713,-16.5107129,0
              -68.0858713,-16.5100442,0
              -68.0859679,-16.5095505,0
              -68.0868798,-16.5092316,0
            </coordinates>
          </LinearRing>
        </outerBoundaryIs>
      </Polygon>
    </Placemark>
    <Placemark>
      <name>Territorio#16</name>
      <styleUrl>#poly-4E342E-1200-77-nodesc</styleUrl>
      <Polygon>
        <outerBoundaryIs>
          <LinearRing>
            <tessellate>1</tessellate>
            <coordinates>
              -68.0858333,-16.5110318,0
              -68.0855758,-16.510754,0
              -68.0855383,-16.5102346,0
              -68.0855275,-16.5091288,0
              -68.0854471,-16.5074366,0
              -68.0854417,-16.5069377,0
              -68.0852915,-16.5065005,0
              -68.0849535,-16.5062588,0
              -68.0845512,-16.5061199,0
              -68.0838592,-16.5058525,0
              -68.0832101,-16.5056365,0
              -68.0827541,-16.5053382,0
              -68.0823679,-16.5049473,0
              -68.0822016,-16.5046644,0
              -68.082207,-16.5044123,0
              -68.082856,-16.5036511,0
              -68.0844761,-16.5039134,0
              -68.0849053,-16.504793,0
              -68.0857421,-16.5060634,0
              -68.086241,-16.5073441,0
              -68.0865199,-16.5082133,0
              -68.086853,-16.5091879,0
              -68.086017,-16.5094618,0
              -68.08595,-16.5094811,0
              -68.0858628,-16.5095557,0
              -68.0858212,-16.5098784,0
              -68.0857971,-16.5102847,0
              -68.0858454,-16.5109585,0
              -68.0858333,-16.5110318,0
            </coordinates>
          </LinearRing>
        </outerBoundaryIs>
      </Polygon>
    </Placemark>
    <Placemark>
      <name>TERRITORIO #17</name>
      <styleUrl>#poly-E65100-1200-77-nodesc</styleUrl>
      <Polygon>
        <outerBoundaryIs>
          <LinearRing>
            <tessellate>1</tessellate>
            <coordinates>
              -68.0742269,-16.501908,0
              -68.0735403,-16.50153,0
              -68.0722635,-16.4995703,0
              -68.0710726,-16.4981815,0
              -68.0674892,-16.4980581,0
              -68.0646139,-16.4977494,0
              -68.0621382,-16.4957048,0
              -68.0619156,-16.49401,0
              -68.0631225,-16.4935008,0
              -68.068446,-16.4949255,0
              -68.0699823,-16.4955991,0
              -68.071145,-16.4961646,0
              -68.0712604,-16.4949706,0
              -68.0718129,-16.4949282,0
              -68.0723171,-16.4970036,0
              -68.0723279,-16.497554,0
              -68.0732089,-16.4991652,0
              -68.0737897,-16.5002568,0
              -68.0744804,-16.5017408,0
              -68.0742269,-16.501908,0
            </coordinates>
          </LinearRing>
        </outerBoundaryIs>
      </Polygon>
    </Placemark>
    <Placemark>
      <name>TERRITORIO #29</name>
      <styleUrl>#poly-F57C00-1200-77-nodesc</styleUrl>
      <Polygon>
        <outerBoundaryIs>
          <LinearRing>
            <tessellate>1</tessellate>
            <coordinates>
              -68.0903219,-16.525643,0
              -68.0908164,-16.5256049,0
              -68.0908366,-16.5260099,0
              -68.0912161,-16.5260266,0
              -68.0921254,-16.5261641,0
              -68.0920503,-16.5266848,0
              -68.0919041,-16.5272955,0
              -68.0916808,-16.5274492,0
              -68.0912553,-16.5271403,0
              -68.0910855,-16.5263713,0
              -68.0909318,-16.5263531,0
              -68.0906957,-16.5276903,0
              -68.0903095,-16.5284102,0
              -68.0896268,-16.5292189,0
              -68.0894431,-16.5291148,0
              -68.0896658,-16.5278342,0
              -68.0899286,-16.5273843,0
              -68.0900234,-16.5267747,0
              -68.0902813,-16.5263914,0
              -68.0903606,-16.5262178,0
              -68.0903219,-16.525643,0
            </coordinates>
          </LinearRing>
        </outerBoundaryIs>
      </Polygon>
    </Placemark>
    <Placemark>
      <name>TERRITORIO #28</name>
      <styleUrl>#poly-FF5252-1200-77-nodesc</styleUrl>
      <Polygon>
        <outerBoundaryIs>
          <LinearRing>
            <tessellate>1</tessellate>
            <coordinates>
              -68.0910979,-16.5223367,0
              -68.0910657,-16.5227481,0
              -68.0909799,-16.5233036,0
              -68.0908511,-16.5236636,0
              -68.090776,-16.524003,0
              -68.090776,-16.5243424,0
              -68.0907975,-16.5250521,0
              -68.0907975,-16.525515,0
              -68.0903254,-16.5254944,0
              -68.0902825,-16.5244247,0
              -68.0902932,-16.5241161,0
              -68.0903576,-16.5239413,0
              -68.0904864,-16.5232521,0
              -68.0905078,-16.5223058,0
              -68.0906151,-16.5222338,0
              -68.0910979,-16.5223367,0
            </coordinates>
          </LinearRing>
        </outerBoundaryIs>
      </Polygon>
    </Placemark>
    <Placemark>
      <name>TERRITORIO #19</name>
      <styleUrl>#poly-FFEA00-1200-77-nodesc</styleUrl>
      <Polygon>
        <outerBoundaryIs>
          <LinearRing>
            <tessellate>1</tessellate>
            <coordinates>
              -68.0892187,-16.5138249,0
              -68.0894265,-16.5151268,0
              -68.0895056,-16.5164286,0
              -68.0892374,-16.5164274,0
              -68.0891274,-16.5148202,0
              -68.0889316,-16.5140487,0
              -68.08854,-16.5133389,0
              -68.0880518,-16.5125495,0
              -68.0877756,-16.5118345,0
              -68.0877326,-16.5109062,0
              -68.0876495,-16.5100035,0
              -68.0870326,-16.5082086,0
              -68.0865498,-16.5069639,0
              -68.0863138,-16.5060689,0
              -68.0868462,-16.5070809,0
              -68.0874216,-16.5080722,0
              -68.0881109,-16.5097875,0
              -68.088658,-16.5111042,0
              -68.0887868,-16.5115671,0
              -68.0888726,-16.512174,0
              -68.089063,-16.5132592,0
              -68.0892187,-16.5138249,0
            </coordinates>
          </LinearRing>
        </outerBoundaryIs>
      </Polygon>
    </Placemark>
    <Placemark>
      <name>TERRITORIO #21</name>
      <styleUrl>#poly-3949AB-1200-77-nodesc</styleUrl>
      <Polygon>
        <outerBoundaryIs>
          <LinearRing>
            <tessellate>1</tessellate>
            <coordinates>
              -68.088972,-16.5120244,0
              -68.0907846,-16.5112921,0
              -68.0910421,-16.5127939,0
              -68.0907416,-16.5135757,0
              -68.0899477,-16.5140077,0
              -68.0897466,-16.5144834,0
              -68.0897251,-16.5151277,0
              -68.0895641,-16.5151752,0
              -68.0893576,-16.5138226,0
              -68.088972,-16.5120244,0
            </coordinates>
          </LinearRing>
        </outerBoundaryIs>
      </Polygon>
    </Placemark>
    <Placemark>
      <name>TERRITORIO # 47</name>
      <styleUrl>#poly-01579B-1200-77-nodesc</styleUrl>
      <Polygon>
        <outerBoundaryIs>
          <LinearRing>
            <tessellate>1</tessellate>
            <coordinates>
              -68.0841004,-16.5101988,0
              -68.0825876,-16.5103273,0
              -68.0824481,-16.509993,0
              -68.0822282,-16.5094221,0
              -68.0819761,-16.5090569,0
              -68.0817132,-16.5090158,0
              -68.0814798,-16.5090312,0
              -68.0812036,-16.5090081,0
              -68.081005,-16.509003,0
              -68.080879,-16.5090158,0
              -68.080651,-16.5090467,0
              -68.0802487,-16.5089644,0
              -68.0799644,-16.5088101,0
              -68.079959,-16.5086198,0
              -68.0799912,-16.5082443,0
              -68.079723,-16.5080489,0
              -68.0792831,-16.5076168,0
              -68.0791758,-16.5073802,0
              -68.0792831,-16.5070768,0
              -68.0795352,-16.5068813,0
              -68.0803024,-16.5072568,0
              -68.0804418,-16.5073494,0
              -68.0808924,-16.5074831,0
              -68.0819117,-16.507658,0
              -68.082314,-16.5079049,0
              -68.0827217,-16.5081106,0
              -68.083167,-16.5082855,0
              -68.0835156,-16.5084192,0
              -68.0836176,-16.5085118,0
              -68.0838214,-16.5089335,0
              -68.0840628,-16.5094324,0
              -68.0841486,-16.5098644,0
              -68.0841004,-16.5101988,0
            </coordinates>
          </LinearRing>
        </outerBoundaryIs>
      </Polygon>
    </Placemark>
    <Placemark>
      <name>TERRITORIO #48</name>
      <styleUrl>#poly-9C27B0-1200-77-nodesc</styleUrl>
      <Polygon>
        <outerBoundaryIs>
          <LinearRing>
            <tessellate>1</tessellate>
            <coordinates>
              -68.0840871,-16.5103047,0
              -68.0846115,-16.5103696,0
              -68.0847121,-16.5101671,0
              -68.0848114,-16.5101478,0
              -68.0850367,-16.5105156,0
              -68.0850984,-16.5112382,0
              -68.0848597,-16.5116111,0
              -68.0846074,-16.5116162,0
              -68.0846236,-16.512002,0
              -68.0845324,-16.5124648,0
              -68.08435,-16.5128248,0
              -68.0834112,-16.512866,0
              -68.08332,-16.5124186,0
              -68.0831537,-16.5120122,0
              -68.0829499,-16.5117294,0
              -68.0828587,-16.5116111,0
              -68.0827997,-16.5111688,0
              -68.0827299,-16.5107624,0
              -68.0825958,-16.5104076,0
              -68.0840871,-16.5103047,0
            </coordinates>
          </LinearRing>
        </outerBoundaryIs>
      </Polygon>
    </Placemark>
    <Placemark>
      <name>TERRITORIO #49</name>
      <styleUrl>#poly-A52714-1193-84-nodesc</styleUrl>
      <Polygon>
        <outerBoundaryIs>
          <LinearRing>
            <tessellate>1</tessellate>
            <coordinates>
              -68.0840067,-16.5129072,0
              -68.0843715,-16.5128814,0
              -68.0844466,-16.5133083,0
              -68.084688,-16.5138021,0
              -68.0848382,-16.5145324,0
              -68.0849455,-16.5150158,0
              -68.0849723,-16.5153553,0
              -68.084527,-16.515417,0
              -68.0831108,-16.5154633,0
              -68.083025,-16.5153244,0
              -68.0831645,-16.5147587,0
              -68.0833898,-16.5142032,0
              -68.0832718,-16.5137609,0
              -68.0832503,-16.5134523,0
              -68.0831323,-16.5131335,0
              -68.0832825,-16.5130306,0
              -68.0834434,-16.5129329,0
              -68.0840067,-16.5129072,0
            </coordinates>
          </LinearRing>
        </outerBoundaryIs>
      </Polygon>
    </Placemark>
    <Placemark>
      <name>TERRITORIO # 54</name>
      <styleUrl>#poly-FBC02D-1200-77-nodesc</styleUrl>
      <Polygon>
        <outerBoundaryIs>
          <LinearRing>
            <tessellate>1</tessellate>
            <coordinates>
              -68.0772427,-16.5125105,0
              -68.0774787,-16.5127985,0
              -68.0778435,-16.5133848,0
              -68.0779025,-16.513858,0
              -68.0778059,-16.5147632,0
              -68.0773714,-16.5149998,0
              -68.0759659,-16.5146243,0
              -68.0760947,-16.5140432,0
              -68.0752793,-16.5137037,0
              -68.0747885,-16.5135571,0
              -68.0744961,-16.513246,0
              -68.0737129,-16.5132769,0
              -68.0734849,-16.5129966,0
              -68.0732354,-16.5127369,0
              -68.0727473,-16.5124848,0
              -68.0721894,-16.5123099,0
              -68.0726239,-16.5122739,0
              -68.0735144,-16.5120116,0
              -68.0740883,-16.5118264,0
              -68.0747214,-16.5116413,0
              -68.075046,-16.5111373,0
              -68.0754,-16.5107875,0
              -68.0759888,-16.5110781,0
              -68.0763408,-16.5105805,0
              -68.0766768,-16.5107515,0
              -68.0765802,-16.5111707,0
              -68.0768942,-16.5118452,0
              -68.0772427,-16.5125105,0
            </coordinates>
          </LinearRing>
        </outerBoundaryIs>
      </Polygon>
    </Placemark>
    <Placemark>
      <name>TERRITORIO # 55</name>
      <styleUrl>#poly-3949AB-1200-77-nodesc</styleUrl>
      <Polygon>
        <outerBoundaryIs>
          <LinearRing>
            <tessellate>1</tessellate>
            <coordinates>
              -68.0833189,-16.5127548,0
              -68.083351,-16.5128885,0
              -68.0833054,-16.5129323,0
              -68.0831392,-16.5127471,0
              -68.0830345,-16.5124308,0
              -68.0829112,-16.5122996,0
              -68.0829434,-16.5124231,0
              -68.0830131,-16.5125568,0
              -68.0827261,-16.5123254,0
              -68.0824498,-16.5120862,0
              -68.0823372,-16.5119242,0
              -68.0821333,-16.5119576,0
              -68.0814038,-16.5121273,0
              -68.079435,-16.512598,0
              -68.079274,-16.5118987,0
              -68.0790058,-16.5118781,0
              -68.0780307,-16.5116827,0
              -68.0775667,-16.5116235,0
              -68.0775292,-16.5116918,0
              -68.0774259,-16.5119026,0
              -68.0773656,-16.512044,0
              -68.0772275,-16.5120582,0
              -68.077045,-16.5118961,0
              -68.0769431,-16.5117701,0
              -68.0767527,-16.5113715,0
              -68.0767286,-16.5111787,0
              -68.0773401,-16.5110964,0
              -68.0775663,-16.5106823,0
              -68.0777112,-16.5103788,0
              -68.0779096,-16.5104045,0
              -68.0778775,-16.510744,0
              -68.0780471,-16.5108844,0
              -68.078377,-16.5105037,0
              -68.0791682,-16.5102722,0
              -68.0812979,-16.5098351,0
              -68.0817325,-16.5098043,0
              -68.0819416,-16.5098763,0
              -68.0821884,-16.510082,0
              -68.0824111,-16.5105834,0
              -68.0825479,-16.5108895,0
              -68.0826766,-16.5111183,0
              -68.0827356,-16.5113781,0
              -68.0827678,-16.5115632,0
              -68.0828697,-16.5117509,0
              -68.0831031,-16.5121393,0
              -68.0832399,-16.5124376,0
              -68.0833189,-16.5127548,0
            </coordinates>
          </LinearRing>
        </outerBoundaryIs>
      </Polygon>
    </Placemark>
    <Placemark>
      <name>TERRITORIO# 53</name>
      <styleUrl>#poly-A52714-1200-77-nodesc</styleUrl>
      <Polygon>
        <outerBoundaryIs>
          <LinearRing>
            <tessellate>1</tessellate>
            <coordinates>
              -68.0813724,-16.5090723,0
              -68.0816755,-16.5090826,0
              -68.0818848,-16.5091108,0
              -68.0820457,-16.5093011,0
              -68.0822496,-16.5096509,0
              -68.0823676,-16.5100623,0
              -68.0825822,-16.5105355,0
              -68.0826841,-16.5109727,0
              -68.0825929,-16.5109058,0
              -68.0822978,-16.5101961,0
              -68.0821745,-16.5099389,0
              -68.0816756,-16.5097229,0
              -68.0811203,-16.5098129,0
              -68.0805062,-16.5099235,0
              -68.0795835,-16.5101395,0
              -68.0789638,-16.5102295,0
              -68.0776335,-16.5103554,0
              -68.07749,-16.5106589,0
              -68.0769596,-16.5108698,0
              -68.0764516,-16.5104725,0
              -68.0774806,-16.5094349,0
              -68.0774994,-16.5089745,0
              -68.0770716,-16.5089912,0
              -68.0770649,-16.5083342,0
              -68.0775826,-16.5081876,0
              -68.0780761,-16.5083059,0
              -68.0784999,-16.5088793,0
              -68.0787842,-16.5089617,0
              -68.0795298,-16.5088742,0
              -68.0798839,-16.5088537,0
              -68.0805437,-16.509116,0
              -68.0809085,-16.5090697,0
              -68.0813724,-16.5090723,0
            </coordinates>
          </LinearRing>
        </outerBoundaryIs>
      </Polygon>
    </Placemark>
    <Placemark>
      <name>TERRITORIO # 15</name>
      <styleUrl>#poly-3949AB-1200-77-nodesc</styleUrl>
      <Polygon>
        <outerBoundaryIs>
          <LinearRing>
            <tessellate>1</tessellate>
            <coordinates>
              -68.0854338,-16.5106412,0
              -68.0849,-16.5099236,0
              -68.0848692,-16.5094968,0
              -68.0846499,-16.5094582,0
              -68.0845349,-16.5086932,0
              -68.0843234,-16.5080978,0
              -68.0839693,-16.508157,0
              -68.0830305,-16.5079949,0
              -68.0816009,-16.5072723,0
              -68.0811006,-16.5073225,0
              -68.0808946,-16.5073159,0
              -68.0805062,-16.5070419,0
              -68.0804804,-16.5067098,0
              -68.0810366,-16.5061077,0
              -68.0810508,-16.5054911,0
              -68.0810489,-16.5053991,0
              -68.0811014,-16.5053669,0
              -68.0812998,-16.5054401,0
              -68.0814016,-16.505462,0
              -68.081447,-16.505215,0
              -68.0816396,-16.5049525,0
              -68.0819123,-16.5047876,0
              -68.0820821,-16.5047817,0
              -68.0821803,-16.5048729,0
              -68.082368,-16.5050659,0
              -68.0827275,-16.5054335,0
              -68.0834543,-16.5058347,0
              -68.0846559,-16.5062411,0
              -68.0852003,-16.5065416,0
              -68.0853251,-16.5067745,0
              -68.0853748,-16.5070794,0
              -68.0854338,-16.5106412,0
            </coordinates>
          </LinearRing>
        </outerBoundaryIs>
      </Polygon>
    </Placemark>
    <Placemark>
      <name>TERRITORIO 15B</name>
      <styleUrl>#poly-673AB7-1200-77-nodesc</styleUrl>
      <Polygon>
        <outerBoundaryIs>
          <LinearRing>
            <tessellate>1</tessellate>
            <coordinates>
              -68.0826059,-16.5038043,0
              -68.0815759,-16.504941,0
              -68.081356,-16.5052651,0
              -68.0813721,-16.5053628,0
              -68.0810744,-16.5052214,0
              -68.0809376,-16.5061292,0
              -68.0804356,-16.5065974,0
              -68.079027,-16.505466,0
              -68.0770145,-16.505775,0
              -68.0760365,-16.5051585,0
              -68.0742344,-16.5048001,0
              -68.0741972,-16.5043852,0
              -68.0733825,-16.5044502,0
              -68.0730621,-16.5048065,0
              -68.0721316,-16.5043875,0
              -68.0726309,-16.5033439,0
              -68.0717058,-16.5025723,0
              -68.0711294,-16.5020682,0
              -68.0706097,-16.5009159,0
              -68.070611,-16.5005966,0
              -68.0709783,-16.5006577,0
              -68.0716271,-16.5009032,0
              -68.0722381,-16.5009622,0
              -68.0723979,-16.5012448,0
              -68.0731574,-16.5016043,0
              -68.0736034,-16.5017677,0
              -68.0741843,-16.5021152,0
              -68.0746058,-16.5021414,0
              -68.0753262,-16.5024419,0
              -68.0764559,-16.5026004,0
              -68.0771168,-16.5027528,0
              -68.0793417,-16.5032289,0
              -68.0793712,-16.5034713,0
              -68.0811039,-16.5035035,0
              -68.0826059,-16.5038043,0
            </coordinates>
          </LinearRing>
        </outerBoundaryIs>
      </Polygon>
    </Placemark>
    <Placemark>
      <name>TERRITORIO #18</name>
      <styleUrl>#poly-558B2F-1200-77-nodesc</styleUrl>
      <Polygon>
        <outerBoundaryIs>
          <LinearRing>
            <tessellate>1</tessellate>
            <coordinates>
              -68.0793448,-16.5025395,0
              -68.0795811,-16.5028443,0
              -68.0758953,-16.5021728,0
              -68.0753615,-16.5021291,0
              -68.0749745,-16.5018674,0
              -68.0746738,-16.5015205,0
              -68.0742659,-16.5004933,0
              -68.0733217,-16.498488,0
              -68.0740512,-16.4981493,0
              -68.0747445,-16.4991768,0
              -68.0751402,-16.4992089,0
              -68.0752569,-16.4992873,0
              -68.0753507,-16.4993593,0
              -68.0753896,-16.5003752,0
              -68.0756612,-16.5005925,0
              -68.0763735,-16.5005652,0
              -68.0765949,-16.5009056,0
              -68.0768072,-16.5010413,0
              -68.0774348,-16.500743,0
              -68.0781081,-16.5003238,0
              -68.0786539,-16.5005308,0
              -68.0786811,-16.5007221,0
              -68.0785163,-16.5009952,0
              -68.0783998,-16.5013197,0
              -68.0782954,-16.5014557,0
              -68.0787787,-16.5019242,0
              -68.0793448,-16.5025395,0
            </coordinates>
          </LinearRing>
        </outerBoundaryIs>
      </Polygon>
    </Placemark>
    <Placemark>
      <name>TERRITORIO 18</name>
      <styleUrl>#poly-FFD600-1200-77-nodesc</styleUrl>
      <Polygon>
        <outerBoundaryIs>
          <LinearRing>
            <tessellate>1</tessellate>
            <coordinates>
              -68.0842853,-16.5037857,0
              -68.0810183,-16.5032302,0
              -68.0817264,-16.5018878,0
              -68.0820268,-16.5013837,0
              -68.08222,-16.5008591,0
              -68.0824037,-16.5003769,0
              -68.0828235,-16.4998433,0
              -68.0833257,-16.4990158,0
              -68.0839368,-16.4980683,0
              -68.0846903,-16.4982763,0
              -68.0843818,-16.4989987,0
              -68.0845693,-16.4993427,0
              -68.0839353,-16.4999783,0
              -68.0838132,-16.5005762,0
              -68.0837864,-16.5015689,0
              -68.0838454,-16.5028188,0
              -68.0841029,-16.5034103,0
              -68.0842853,-16.5037857,0
            </coordinates>
          </LinearRing>
        </outerBoundaryIs>
      </Polygon>
    </Placemark>
    <Placemark>
      <name>TERRITORIO A</name>
      <styleUrl>#poly-000000-1200-77-nodesc</styleUrl>
      <Polygon>
        <outerBoundaryIs>
          <LinearRing>
            <tessellate>1</tessellate>
            <coordinates>
              -68.0884463,-16.5305898,0
              -68.0876095,-16.5343542,0
              -68.0875129,-16.5360307,0
              -68.0879206,-16.5371723,0
              -68.0885322,-16.5381083,0
              -68.0876846,-16.5383551,0
              -68.0867726,-16.5384168,0
              -68.0834145,-16.538242,0
              -68.0824811,-16.537378,0
              -68.0818548,-16.5367545,0
              -68.081266,-16.5364318,0
              -68.0810608,-16.5360384,0
              -68.0812741,-16.5346422,0
              -68.0810836,-16.5322252,0
              -68.0813438,-16.531099,0
              -68.0815021,-16.5295433,0
              -68.0814263,-16.5282724,0
              -68.0812437,-16.5277078,0
              -68.0812328,-16.5275032,0
              -68.0818876,-16.527484,0
              -68.0823278,-16.5273311,0
              -68.0825216,-16.5270664,0
              -68.0827696,-16.5270615,0
              -68.0826971,-16.5276792,0
              -68.0822839,-16.528318,0
              -68.0820144,-16.5296744,0
              -68.0825025,-16.5299881,0
              -68.0833099,-16.5302877,0
              -68.0860243,-16.5306026,0
              -68.0860645,-16.5303275,0
              -68.0884463,-16.5305898,0
            </coordinates>
          </LinearRing>
        </outerBoundaryIs>
      </Polygon>
    </Placemark>
    <Placemark>
      <name>TERRITORIO B</name>
      <styleUrl>#poly-000000-1200-77-nodesc</styleUrl>
      <Polygon>
        <outerBoundaryIs>
          <LinearRing>
            <tessellate>1</tessellate>
            <coordinates>
              -68.0911534,-16.5363962,0
              -68.0905063,-16.5353724,0
              -68.0903239,-16.5343542,0
              -68.0897713,-16.5337988,0
              -68.0897552,-16.5329554,0
              -68.0914289,-16.5311761,0
              -68.091563,-16.5306567,0
              -68.0910749,-16.5300447,0
              -68.0911473,-16.5293221,0
              -68.0915912,-16.5287757,0
              -68.0920544,-16.5284014,0
              -68.0925176,-16.5283974,0
              -68.0927358,-16.5288008,0
              -68.092593,-16.5296898,0
              -68.0925018,-16.5303018,0
              -68.092357,-16.5303738,0
              -68.0922336,-16.5308778,0
              -68.0923516,-16.5311401,0
              -68.0922121,-16.5314898,0
              -68.0918635,-16.5318446,0
              -68.0915791,-16.5323692,0
              -68.0916623,-16.5328011,0
              -68.0919386,-16.5332228,0
              -68.0925072,-16.5336651,0
              -68.0924535,-16.5341177,0
              -68.0921156,-16.5348068,0
              -68.0915577,-16.5359998,0
              -68.0911534,-16.5363962,0
            </coordinates>
          </LinearRing>
        </outerBoundaryIs>
      </Polygon>
    </Placemark>
    <Placemark>
      <name>Territorio #1</name>
      <styleUrl>#poly-558B2F-1200-77-nodesc</styleUrl>
      <Polygon>
        <outerBoundaryIs>
          <LinearRing>
            <tessellate>1</tessellate>
            <coordinates>
              -68.0840391,-16.5299561,0
              -68.0834115,-16.5298919,0
              -68.0835241,-16.529051,0
              -68.084141,-16.5291333,0
              -68.0840391,-16.5299561,0
            </coordinates>
          </LinearRing>
        </outerBoundaryIs>
      </Polygon>
    </Placemark>
    <Placemark>
      <name>TERRITORIO 1B</name>
      <styleUrl>#poly-558B2F-1200-77-nodesc</styleUrl>
      <Polygon>
        <outerBoundaryIs>
          <LinearRing>
            <tessellate>1</tessellate>
            <coordinates>
              -68.0847086,-16.5292085,0
              -68.0845959,-16.5300082,0
              -68.0841131,-16.5299696,0
              -68.0842258,-16.5291442,0
              -68.0847086,-16.5292085,0
            </coordinates>
          </LinearRing>
        </outerBoundaryIs>
      </Polygon>
    </Placemark>
    <Placemark>
      <name>TERRITORIO 1C</name>
      <styleUrl>#poly-558B2F-1200-77-nodesc</styleUrl>
      <Polygon>
        <outerBoundaryIs>
          <LinearRing>
            <tessellate>1</tessellate>
            <coordinates>
              -68.085377,-16.5292735,0
              -68.0852831,-16.5300835,0
              -68.0846903,-16.5300244,0
              -68.084811,-16.5292195,0
              -68.085377,-16.5292735,0
            </coordinates>
          </LinearRing>
        </outerBoundaryIs>
      </Polygon>
    </Placemark>
    <Placemark>
      <name>TERRITORIO 1D</name>
      <styleUrl>#poly-558B2F-1200-77-nodesc</styleUrl>
      <Polygon>
        <outerBoundaryIs>
          <LinearRing>
            <tessellate>1</tessellate>
            <coordinates>
              -68.0860448,-16.5293455,0
              -68.0859537,-16.5301659,0
              -68.0853796,-16.5300938,0
              -68.0854655,-16.5292838,0
              -68.0860448,-16.5293455,0
            </coordinates>
          </LinearRing>
        </outerBoundaryIs>
      </Polygon>
    </Placemark>
    <Placemark>
      <name>TERRITORIO 1E</name>
      <styleUrl>#poly-558B2F-1200-77-nodesc</styleUrl>
      <Polygon>
        <outerBoundaryIs>
          <LinearRing>
            <tessellate>1</tessellate>
            <coordinates>
              -68.0861933,-16.5281634,0
              -68.0860672,-16.529282,0
              -68.0854556,-16.52921,0
              -68.0856004,-16.5280915,0
              -68.0861933,-16.5281634,0
            </coordinates>
          </LinearRing>
        </outerBoundaryIs>
      </Polygon>
    </Placemark>
    <Placemark>
      <name>TERRITORIO 1F</name>
      <styleUrl>#poly-558B2F-1200-77-nodesc</styleUrl>
      <Polygon>
        <outerBoundaryIs>
          <LinearRing>
            <tessellate>1</tessellate>
            <coordinates>
              -68.0855092,-16.5280811,0
              -68.0853859,-16.5291984,0
              -68.0848092,-16.5291251,0
              -68.0849299,-16.5280271,0
              -68.0855092,-16.5280811,0
            </coordinates>
          </LinearRing>
        </outerBoundaryIs>
      </Polygon>
    </Placemark>
    <Placemark>
      <name>TERRITORIO 1G</name>
      <styleUrl>#poly-558B2F-1200-77-nodesc</styleUrl>
      <Polygon>
        <outerBoundaryIs>
          <LinearRing>
            <tessellate>1</tessellate>
            <coordinates>
              -68.0848441,-16.5280122,0
              -68.0847207,-16.5291179,0
              -68.0842366,-16.5290625,0
              -68.0843653,-16.5279762,0
              -68.0848441,-16.5280122,0
            </coordinates>
          </LinearRing>
        </outerBoundaryIs>
      </Polygon>
    </Placemark>
    <Placemark>
      <name>TERRITORIO 1H</name>
      <styleUrl>#poly-558B2F-1200-77-nodesc</styleUrl>
      <Polygon>
        <outerBoundaryIs>
          <LinearRing>
            <tessellate>1</tessellate>
            <coordinates>
              -68.0842647,-16.5279427,0
              -68.084136,-16.5290613,0
              -68.0835378,-16.5289687,0
              -68.0836612,-16.5278836,0
              -68.0842647,-16.5279427,0
            </coordinates>
          </LinearRing>
        </outerBoundaryIs>
      </Polygon>
    </Placemark>
    <Placemark>
      <name>TERRITORIO 1I</name>
      <styleUrl>#poly-558B2F-1200-77-nodesc</styleUrl>
      <Polygon>
        <outerBoundaryIs>
          <LinearRing>
            <tessellate>1</tessellate>
            <coordinates>
              -68.0835808,-16.5278921,0
              -68.0833287,-16.5298618,0
              -68.0833461,-16.5299685,0
              -68.0834655,-16.5300238,0
              -68.0859868,-16.5302937,0
              -68.0859546,-16.5305354,0
              -68.0832724,-16.5302166,0
              -68.082972,-16.5300263,0
              -68.0832107,-16.5278355,0
              -68.0835808,-16.5278921,0
            </coordinates>
          </LinearRing>
        </outerBoundaryIs>
      </Polygon>
    </Placemark>
    <Placemark>
      <name>Territorio #2</name>
      <styleUrl>#poly-9C27B0-1200-77-nodesc</styleUrl>
      <Polygon>
        <outerBoundaryIs>
          <LinearRing>
            <tessellate>1</tessellate>
            <coordinates>
              -68.0866556,-16.5302449,0
              -68.0860332,-16.530187,0
              -68.0861258,-16.529341,0
              -68.0867602,-16.5294208,0
              -68.0866556,-16.5302449,0
            </coordinates>
          </LinearRing>
        </outerBoundaryIs>
      </Polygon>
    </Placemark>
    <Placemark>
      <name>TERRITORIO 2B</name>
      <styleUrl>#poly-9C27B0-1200-77-nodesc</styleUrl>
      <Polygon>
        <outerBoundaryIs>
          <LinearRing>
            <tessellate>1</tessellate>
            <coordinates>
              -68.0874231,-16.5294922,0
              -68.0873359,-16.530256,0
              -68.0873104,-16.5303189,0
              -68.0867243,-16.5302508,0
              -68.0868276,-16.5294369,0
              -68.0874231,-16.5294922,0
            </coordinates>
          </LinearRing>
        </outerBoundaryIs>
      </Polygon>
    </Placemark>
    <Placemark>
      <name>TERRITORIO 2C</name>
      <styleUrl>#poly-9C27B0-1200-77-nodesc</styleUrl>
      <Polygon>
        <outerBoundaryIs>
          <LinearRing>
            <tessellate>1</tessellate>
            <coordinates>
              -68.0878091,-16.5295383,0
              -68.0877314,-16.5303612,0
              -68.0873988,-16.5303355,0
              -68.0874926,-16.5295075,0
              -68.0878091,-16.5295383,0
            </coordinates>
          </LinearRing>
        </outerBoundaryIs>
      </Polygon>
    </Placemark>
    <Placemark>
      <name>TERRITORIO 2D</name>
      <styleUrl>#poly-9C27B0-1200-77-nodesc</styleUrl>
      <Polygon>
        <outerBoundaryIs>
          <LinearRing>
            <tessellate>1</tessellate>
            <coordinates>
              -68.0868646,-16.5282407,0
              -68.0867654,-16.5293515,0
              -68.0861351,-16.5292795,0
              -68.0862719,-16.5281713,0
              -68.0868646,-16.5282407,0
            </coordinates>
          </LinearRing>
        </outerBoundaryIs>
      </Polygon>
    </Placemark>
    <Placemark>
      <name>TERRITORIO 2E</name>
      <styleUrl>#poly-9C27B0-1200-77-nodesc</styleUrl>
      <Polygon>
        <outerBoundaryIs>
          <LinearRing>
            <tessellate>1</tessellate>
            <coordinates>
              -68.0875513,-16.5283024,0
              -68.0874252,-16.5294184,0
              -68.0868378,-16.5293618,0
              -68.0869505,-16.5282484,0
              -68.0875513,-16.5283024,0
            </coordinates>
          </LinearRing>
        </outerBoundaryIs>
      </Polygon>
    </Placemark>
    <Placemark>
      <name>TERRITORIO 2F</name>
      <styleUrl>#poly-9C27B0-1200-77-nodesc</styleUrl>
      <Polygon>
        <outerBoundaryIs>
          <LinearRing>
            <tessellate>1</tessellate>
            <coordinates>
              -68.0879482,-16.5283538,0
              -68.0878088,-16.5294621,0
              -68.087503,-16.529439,0
              -68.0876317,-16.5283101,0
              -68.0879482,-16.5283538,0
            </coordinates>
          </LinearRing>
        </outerBoundaryIs>
      </Polygon>
    </Placemark>
    <Placemark>
      <name>TERRITORIO 2G</name>
      <styleUrl>#poly-9C27B0-1200-77-nodesc</styleUrl>
      <Polygon>
        <outerBoundaryIs>
          <LinearRing>
            <tessellate>1</tessellate>
            <coordinates>
              -68.0869988,-16.5270531,0
              -68.0868834,-16.528151,0
              -68.0862826,-16.5280945,0
              -68.0864033,-16.5269836,0
              -68.0869988,-16.5270531,0
            </coordinates>
          </LinearRing>
        </outerBoundaryIs>
      </Polygon>
    </Placemark>
    <Placemark>
      <name>TERRITORIO 2H</name>
      <styleUrl>#poly-9C27B0-1200-77-nodesc</styleUrl>
      <Polygon>
        <outerBoundaryIs>
          <LinearRing>
            <tessellate>1</tessellate>
            <coordinates>
              -68.0877042,-16.5271353,0
              -68.0875647,-16.528223,0
              -68.0869639,-16.5281665,0
              -68.0870792,-16.5270582,0
              -68.0877042,-16.5271353,0
            </coordinates>
          </LinearRing>
        </outerBoundaryIs>
      </Polygon>
    </Placemark>
    <Placemark>
      <name>TERRITORIO 2I</name>
      <styleUrl>#poly-9C27B0-1200-77-nodesc</styleUrl>
      <Polygon>
        <outerBoundaryIs>
          <LinearRing>
            <tessellate>1</tessellate>
            <coordinates>
              -68.0879644,-16.5263022,0
              -68.088018,-16.5277113,0
              -68.087959,-16.5282745,0
              -68.0876452,-16.528223,0
              -68.0878276,-16.5267471,0
              -68.0879644,-16.5263022,0
            </coordinates>
          </LinearRing>
        </outerBoundaryIs>
      </Polygon>
    </Placemark>
    <Placemark>
      <name>TERRITORIO 2J</name>
      <styleUrl>#poly-9C27B0-1200-77-nodesc</styleUrl>
      <Polygon>
        <outerBoundaryIs>
          <LinearRing>
            <tessellate>1</tessellate>
            <coordinates>
              -68.0872697,-16.5258893,0
              -68.0870685,-16.5266221,0
              -68.0870068,-16.5269693,0
              -68.0864087,-16.5269024,0
              -68.086457,-16.5265321,0
              -68.0866796,-16.5257427,0
              -68.0872697,-16.5258893,0
            </coordinates>
          </LinearRing>
        </outerBoundaryIs>
      </Polygon>
    </Placemark>
    <Placemark>
      <name>TERRITORIO 2J</name>
      <styleUrl>#poly-9C27B0-1200-77-nodesc</styleUrl>
      <Polygon>
        <outerBoundaryIs>
          <LinearRing>
            <tessellate>1</tessellate>
            <coordinates>
              -68.0879429,-16.526077,0
              -68.0879375,-16.5262004,0
              -68.0879027,-16.5262261,0
              -68.0877498,-16.5267173,0
              -68.0877122,-16.5270541,0
              -68.08709,-16.5269796,0
              -68.0871543,-16.5266324,0
              -68.0873394,-16.525915,0
              -68.0879429,-16.526077,0
            </coordinates>
          </LinearRing>
        </outerBoundaryIs>
      </Polygon>
    </Placemark>
    <Placemark>
      <name>Territorio # 3</name>
      <description>3</description>
      <styleUrl>#poly-01579B-1200-77</styleUrl>
      <Polygon>
        <outerBoundaryIs>
          <LinearRing>
            <tessellate>1</tessellate>
            <coordinates>
              -68.0884528,-16.5304801,0
              -68.0882355,-16.5304499,0
              -68.0883682,-16.5294079,0
              -68.0888162,-16.5294632,0
              -68.088544,-16.5303593,0
              -68.088481,-16.5305007,0
              -68.0884528,-16.5304801,0
            </coordinates>
          </LinearRing>
        </outerBoundaryIs>
      </Polygon>
    </Placemark>
    <Placemark>
      <name>TERRITORIO 3B</name>
      <styleUrl>#poly-01579B-1200-77-nodesc</styleUrl>
      <Polygon>
        <outerBoundaryIs>
          <LinearRing>
            <tessellate>1</tessellate>
            <coordinates>
              -68.0883184,-16.5293979,0
              -68.088207,-16.5302349,0
              -68.0879737,-16.5304252,0
              -68.0877846,-16.5303969,0
              -68.0878946,-16.5293439,0
              -68.0883184,-16.5293979,0
            </coordinates>
          </LinearRing>
        </outerBoundaryIs>
      </Polygon>
    </Placemark>
    <Placemark>
      <name>TERRITORIO 3C</name>
      <styleUrl>#poly-01579B-1200-77-nodesc</styleUrl>
      <Polygon>
        <outerBoundaryIs>
          <LinearRing>
            <tessellate>1</tessellate>
            <coordinates>
              -68.0884592,-16.5281756,0
              -68.0883332,-16.5293404,0
              -68.087904,-16.5292993,0
              -68.0880515,-16.5281756,0
              -68.0884592,-16.5281756,0
            </coordinates>
          </LinearRing>
        </outerBoundaryIs>
      </Polygon>
    </Placemark>
    <Placemark>
      <name>TERRITORIO 3D</name>
      <styleUrl>#poly-01579B-1200-77-nodesc</styleUrl>
      <Polygon>
        <outerBoundaryIs>
          <LinearRing>
            <tessellate>1</tessellate>
            <coordinates>
              -68.0890735,-16.5281466,0
              -68.088824,-16.5294143,0
              -68.0883788,-16.5293526,0
              -68.0885156,-16.5281749,0
              -68.0890735,-16.5281466,0
            </coordinates>
          </LinearRing>
        </outerBoundaryIs>
      </Polygon>
    </Placemark>
    <Placemark>
      <name>TERRITORIO 3E</name>
      <styleUrl>#poly-01579B-1200-77-nodesc</styleUrl>
      <Polygon>
        <outerBoundaryIs>
          <LinearRing>
            <tessellate>1</tessellate>
            <coordinates>
              -68.0892231,-16.5277412,0
              -68.089207,-16.5278698,0
              -68.0891131,-16.5281012,0
              -68.088059,-16.5281295,0
              -68.0880912,-16.5277618,0
              -68.0892231,-16.5277412,0
            </coordinates>
          </LinearRing>
        </outerBoundaryIs>
      </Polygon>
    </Placemark>
    <Placemark>
      <name>TERRITORIO 3F</name>
      <styleUrl>#poly-01579B-1200-77-nodesc</styleUrl>
      <Polygon>
        <outerBoundaryIs>
          <LinearRing>
            <tessellate>1</tessellate>
            <coordinates>
              -68.0893092,-16.5272843,0
              -68.0892529,-16.5274566,0
              -68.0892368,-16.5276829,0
              -68.0880942,-16.5277112,0
              -68.0880835,-16.5273306,0
              -68.0893092,-16.5272843,0
            </coordinates>
          </LinearRing>
        </outerBoundaryIs>
      </Polygon>
    </Placemark>
    <Placemark>
      <name>TERRITORIO 3G</name>
      <styleUrl>#poly-01579B-1200-77-nodesc</styleUrl>
      <Polygon>
        <outerBoundaryIs>
          <LinearRing>
            <tessellate>1</tessellate>
            <coordinates>
              -68.0880861,-16.5272689,0
              -68.0880379,-16.5262558,0
              -68.0880057,-16.5262223,0
              -68.0880137,-16.5260886,0
              -68.0884402,-16.5261786,0
              -68.088467,-16.5272638,0
              -68.0880861,-16.5272689,0
            </coordinates>
          </LinearRing>
        </outerBoundaryIs>
      </Polygon>
    </Placemark>
    <Placemark>
      <name>TERRITORIO 3H</name>
      <styleUrl>#poly-01579B-1200-77-nodesc</styleUrl>
      <Polygon>
        <outerBoundaryIs>
          <LinearRing>
            <tessellate>1</tessellate>
            <coordinates>
              -68.0888908,-16.5261889,0
              -68.0889123,-16.5272432,0
              -68.088518,-16.5272638,0
              -68.0884831,-16.5261863,0
              -68.0888908,-16.5261889,0
            </coordinates>
          </LinearRing>
        </outerBoundaryIs>
      </Polygon>
    </Placemark>
    <Placemark>
      <name>TERRITORIO 3J</name>
      <styleUrl>#poly-01579B-1200-77-nodesc</styleUrl>
      <Polygon>
        <outerBoundaryIs>
          <LinearRing>
            <tessellate>1</tessellate>
            <coordinates>
              -68.0892127,-16.5261261,0
              -68.089336,-16.5264038,0
              -68.0893575,-16.5266352,0
              -68.0893226,-16.5272318,0
              -68.0889713,-16.5272446,0
              -68.0889391,-16.5261878,0
              -68.0892127,-16.5261261,0
            </coordinates>
          </LinearRing>
        </outerBoundaryIs>
      </Polygon>
    </Placemark>
    <Placemark>
      <name>Territorio #4</name>
      <styleUrl>#poly-FFEA00-1200-77-nodesc</styleUrl>
      <Polygon>
        <outerBoundaryIs>
          <LinearRing>
            <tessellate>1</tessellate>
            <coordinates>
              -68.0863129,-16.5269919,0
              -68.0862016,-16.5280809,0
              -68.0856062,-16.5280102,0
              -68.0857376,-16.5269378,0
              -68.0863129,-16.5269919,0
            </coordinates>
          </LinearRing>
        </outerBoundaryIs>
      </Polygon>
    </Placemark>
    <Placemark>
      <name>TERRITORIO 4B</name>
      <styleUrl>#poly-FFEA00-1200-77-nodesc</styleUrl>
      <Polygon>
        <outerBoundaryIs>
          <LinearRing>
            <tessellate>1</tessellate>
            <coordinates>
              -68.0856478,-16.5269068,0
              -68.0855298,-16.5279996,0
              -68.0849397,-16.527943,0
              -68.0850604,-16.5268373,0
              -68.0856478,-16.5269068,0
            </coordinates>
          </LinearRing>
        </outerBoundaryIs>
      </Polygon>
    </Placemark>
    <Placemark>
      <name>TERRITORIO 4C</name>
      <styleUrl>#poly-FFEA00-1200-77-nodesc</styleUrl>
      <Polygon>
        <outerBoundaryIs>
          <LinearRing>
            <tessellate>1</tessellate>
            <coordinates>
              -68.0849795,-16.5268271,0
              -68.0848669,-16.5279405,0
              -68.0843546,-16.5278813,0
              -68.0843895,-16.5275059,0
              -68.0844941,-16.5267885,0
              -68.0849795,-16.5268271,0
            </coordinates>
          </LinearRing>
        </outerBoundaryIs>
      </Polygon>
    </Placemark>
    <Placemark>
      <name>TERRITORIO 4D</name>
      <styleUrl>#poly-FFEA00-1200-77-nodesc</styleUrl>
      <Polygon>
        <outerBoundaryIs>
          <LinearRing>
            <tessellate>1</tessellate>
            <coordinates>
              -68.0844109,-16.5267756,0
              -68.0842688,-16.5278685,0
              -68.0836787,-16.5278119,0
              -68.0838316,-16.5267113,0
              -68.0844109,-16.5267756,0
            </coordinates>
          </LinearRing>
        </outerBoundaryIs>
      </Polygon>
    </Placemark>
    <Placemark>
      <name>TERRITORIO 4E</name>
      <styleUrl>#poly-FFEA00-1200-77-nodesc</styleUrl>
      <Polygon>
        <outerBoundaryIs>
          <LinearRing>
            <tessellate>1</tessellate>
            <coordinates>
              -68.0866053,-16.5257194,0
              -68.0863853,-16.5265397,0
              -68.0863451,-16.5268997,0
              -68.0857389,-16.5268302,0
              -68.0857818,-16.5264703,0
              -68.0860313,-16.525578,0
              -68.0866053,-16.5257194,0
            </coordinates>
          </LinearRing>
        </outerBoundaryIs>
      </Polygon>
    </Placemark>
    <Placemark>
      <name>TERRITORIO 4F</name>
      <styleUrl>#poly-FFEA00-1200-77-nodesc</styleUrl>
      <Polygon>
        <outerBoundaryIs>
          <LinearRing>
            <tessellate>1</tessellate>
            <coordinates>
              -68.085957,-16.5255584,0
              -68.0857022,-16.5264378,0
              -68.0856673,-16.5268235,0
              -68.0850665,-16.5267541,0
              -68.0851577,-16.5261755,0
              -68.085375,-16.5254092,0
              -68.085957,-16.5255584,0
            </coordinates>
          </LinearRing>
        </outerBoundaryIs>
      </Polygon>
    </Placemark>
    <Placemark>
      <name>TERRITORIO 4G</name>
      <styleUrl>#poly-FFEA00-1200-77-nodesc</styleUrl>
      <Polygon>
        <outerBoundaryIs>
          <LinearRing>
            <tessellate>1</tessellate>
            <coordinates>
              -68.085291,-16.5253901,0
              -68.0850764,-16.5261667,0
              -68.0849906,-16.5267452,0
              -68.0845051,-16.5267066,0
              -68.0845588,-16.5262875,0
              -68.08465,-16.5259044,0
              -68.0848189,-16.5252692,0
              -68.085291,-16.5253901,0
            </coordinates>
          </LinearRing>
        </outerBoundaryIs>
      </Polygon>
    </Placemark>
    <Placemark>
      <name>TERRITORIO 4H</name>
      <styleUrl>#poly-FFEA00-1200-77-nodesc</styleUrl>
      <Polygon>
        <outerBoundaryIs>
          <LinearRing>
            <tessellate>1</tessellate>
            <coordinates>
              -68.0847387,-16.5252484,0
              -68.0844893,-16.5262358,0
              -68.0844222,-16.5266986,0
              -68.0838375,-16.5266292,0
              -68.0839824,-16.5259272,0
              -68.0842077,-16.5251044,0
              -68.0847387,-16.5252484,0
            </coordinates>
          </LinearRing>
        </outerBoundaryIs>
      </Polygon>
    </Placemark>
    <Placemark>
      <name>TERRITORIO 4J</name>
      <styleUrl>#poly-FFEA00-1200-77-nodesc</styleUrl>
      <Polygon>
        <outerBoundaryIs>
          <LinearRing>
            <tessellate>1</tessellate>
            <coordinates>
              -68.0841406,-16.5250529,0
              -68.0839904,-16.5255312,0
              -68.083808,-16.5263489,0
              -68.0835988,-16.5278455,0
              -68.083234,-16.5277992,0
              -68.0837329,-16.5249681,0
              -68.0841406,-16.5250529,0
            </coordinates>
          </LinearRing>
        </outerBoundaryIs>
      </Polygon>
    </Placemark>
    <Placemark>
      <name>Territorio # 5</name>
      <styleUrl>#poly-AFB42B-1200-77-nodesc</styleUrl>
      <Polygon>
        <outerBoundaryIs>
          <LinearRing>
            <tessellate>1</tessellate>
            <coordinates>
              -68.0856334,-16.5242301,0
              -68.0853236,-16.5253229,0
              -68.0848288,-16.5251943,0
              -68.0851268,-16.5240972,0
              -68.0856334,-16.5242301,0
            </coordinates>
          </LinearRing>
        </outerBoundaryIs>
      </Polygon>
    </Placemark>
    <Placemark>
      <name>Territorio 5B</name>
      <styleUrl>#poly-AFB42B-1200-77-nodesc</styleUrl>
      <Polygon>
        <outerBoundaryIs>
          <LinearRing>
            <tessellate>1</tessellate>
            <coordinates>
              -68.0850689,-16.5240851,0
              -68.0847738,-16.5251857,0
              -68.0842126,-16.5250359,0
              -68.0844989,-16.5239321,0
              -68.0850689,-16.5240851,0
            </coordinates>
          </LinearRing>
        </outerBoundaryIs>
      </Polygon>
    </Placemark>
    <Placemark>
      <name>Territorio 5C</name>
      <styleUrl>#poly-AFB42B-1200-77-nodesc</styleUrl>
      <Polygon>
        <outerBoundaryIs>
          <LinearRing>
            <tessellate>1</tessellate>
            <coordinates>
              -68.0851375,-16.5240444,0
              -68.0853098,-16.5234009,0
              -68.0853021,-16.5229978,0
              -68.0852702,-16.5225922,0
              -68.0858133,-16.5225725,0
              -68.085853,-16.5234472,0
              -68.0856585,-16.5241795,0
              -68.0851375,-16.5240444,0
            </coordinates>
          </LinearRing>
        </outerBoundaryIs>
      </Polygon>
    </Placemark>
    <Placemark>
      <name>Territorio 5D</name>
      <styleUrl>#poly-AFB42B-1200-77-nodesc</styleUrl>
      <Polygon>
        <outerBoundaryIs>
          <LinearRing>
            <tessellate>1</tessellate>
            <coordinates>
              -68.0852265,-16.5225909,0
              -68.085256,-16.5229879,0
              -68.0852641,-16.5233836,0
              -68.0852155,-16.5236048,0
              -68.0850878,-16.5240329,0
              -68.0844997,-16.5238786,0
              -68.0845164,-16.5237571,0
              -68.0848342,-16.522589,0
              -68.0852265,-16.5225909,0
            </coordinates>
          </LinearRing>
        </outerBoundaryIs>
      </Polygon>
    </Placemark>
    <Placemark>
      <name>Territorio 5E</name>
      <styleUrl>#poly-AFB42B-1200-77-nodesc</styleUrl>
      <Polygon>
        <outerBoundaryIs>
          <LinearRing>
            <tessellate>1</tessellate>
            <coordinates>
              -68.0858145,-16.5225272,0
              -68.0852674,-16.5225471,0
              -68.0852633,-16.5220315,0
              -68.0852378,-16.5216921,0
              -68.0851916,-16.5215571,0
              -68.0852228,-16.5214523,0
              -68.0853707,-16.5211971,0
              -68.0857535,-16.52119,0
              -68.0858145,-16.5225272,0
            </coordinates>
          </LinearRing>
        </outerBoundaryIs>
      </Polygon>
    </Placemark>
    <Placemark>
      <name>Territorio 5F</name>
      <styleUrl>#poly-AFB42B-1200-77-nodesc</styleUrl>
      <Polygon>
        <outerBoundaryIs>
          <LinearRing>
            <tessellate>1</tessellate>
            <coordinates>
              -68.0840732,-16.5249915,0
              -68.0837177,-16.5249118,0
              -68.0838894,-16.5240491,0
              -68.0840329,-16.5238511,0
              -68.0843842,-16.5239282,0
              -68.0840732,-16.5249915,0
            </coordinates>
          </LinearRing>
        </outerBoundaryIs>
      </Polygon>
    </Placemark>
    <Placemark>
      <name>Territorio 5G</name>
      <styleUrl>#poly-AFB42B-1200-77-nodesc</styleUrl>
      <Polygon>
        <outerBoundaryIs>
          <LinearRing>
            <tessellate>1</tessellate>
            <coordinates>
              -68.0843941,-16.5238337,0
              -68.0840749,-16.5237566,0
              -68.0843083,-16.5229054,0
              -68.084083,-16.5228334,0
              -68.084201,-16.5224014,0
              -68.0847535,-16.5225917,0
              -68.0843941,-16.5238337,0
            </coordinates>
          </LinearRing>
        </outerBoundaryIs>
      </Polygon>
    </Placemark>
    <Placemark>
      <name>Territorio 5H</name>
      <styleUrl>#poly-AFB42B-1200-77-nodesc</styleUrl>
      <Polygon>
        <outerBoundaryIs>
          <LinearRing>
            <tessellate>1</tessellate>
            <coordinates>
              -68.0843488,-16.5215287,0
              -68.0841691,-16.5223413,0
              -68.0840913,-16.5225675,0
              -68.0840457,-16.5229275,0
              -68.0838901,-16.5229224,0
              -68.0838606,-16.5221638,0
              -68.0840404,-16.5214438,0
              -68.0843488,-16.5215287,0
            </coordinates>
          </LinearRing>
        </outerBoundaryIs>
      </Polygon>
    </Placemark>
    <Placemark>
      <name>Territorio 5J</name>
      <styleUrl>#poly-AFB42B-1200-77-nodesc</styleUrl>
      <Polygon>
        <outerBoundaryIs>
          <LinearRing>
            <tessellate>1</tessellate>
            <coordinates>
              -68.0838057,-16.5232114,0
              -68.0833632,-16.5232397,0
              -68.0832934,-16.5224091,0
              -68.0835563,-16.5212751,0
              -68.0840123,-16.5213985,0
              -68.0838084,-16.5222343,0
              -68.0838057,-16.5232114,0
            </coordinates>
          </LinearRing>
        </outerBoundaryIs>
      </Polygon>
    </Placemark>
    <Placemark>
      <name>Territorio 5K</name>
      <styleUrl>#poly-AFB42B-1200-77-nodesc</styleUrl>
      <Polygon>
        <outerBoundaryIs>
          <LinearRing>
            <tessellate>1</tessellate>
            <coordinates>
              -68.0851081,-16.5212921,0
              -68.0847353,-16.5225058,0
              -68.084282,-16.5223747,0
              -68.0842525,-16.5221535,0
              -68.0845234,-16.5212844,0
              -68.0851081,-16.5212921,0
            </coordinates>
          </LinearRing>
        </outerBoundaryIs>
      </Polygon>
    </Placemark>
    <Placemark>
      <name>Territorio 22A</name>
      <styleUrl>#poly-F9A825-1200-77-nodesc</styleUrl>
      <Polygon>
        <outerBoundaryIs>
          <LinearRing>
            <tessellate>1</tessellate>
            <coordinates>
              -68.0916332,-16.5142129,0
              -68.0912469,-16.5144494,0
              -68.0910082,-16.5141151,0
              -68.0913529,-16.5138477,0
              -68.0916332,-16.5142129,0
            </coordinates>
          </LinearRing>
        </outerBoundaryIs>
      </Polygon>
    </Placemark>
    <Placemark>
      <name>Territorio 22B</name>
      <styleUrl>#poly-F9A825-1200-77-nodesc</styleUrl>
      <Polygon>
        <outerBoundaryIs>
          <LinearRing>
            <tessellate>1</tessellate>
            <coordinates>
              -68.0913258,-16.5138206,0
              -68.0910227,-16.5140443,0
              -68.0906794,-16.5142385,0
              -68.0905319,-16.5143092,0
              -68.0902878,-16.5143606,0
              -68.0902154,-16.5143992,0
              -68.0901832,-16.5144764,0
              -68.0901631,-16.5145343,0
              -68.0901644,-16.5145947,0
              -68.0899418,-16.5146512,0
              -68.0899552,-16.5144404,0
              -68.0900142,-16.5142526,0
              -68.0901255,-16.5141279,0
              -68.0904192,-16.5140289,0
              -68.0907652,-16.513908,0
              -68.0912051,-16.5136509,0
              -68.0913258,-16.5138206,0
            </coordinates>
          </LinearRing>
        </outerBoundaryIs>
      </Polygon>
    </Placemark>
    <Placemark>
      <name>Territorio 22C</name>
      <styleUrl>#poly-F9A825-1200-77-nodesc</styleUrl>
      <Polygon>
        <outerBoundaryIs>
          <LinearRing>
            <tessellate>1</tessellate>
            <coordinates>
              -68.0909505,-16.514156,0
              -68.091157,-16.514462,0
              -68.0907346,-16.5146678,0
              -68.0902853,-16.5148401,0
              -68.090237,-16.5145366,0
              -68.0902451,-16.5144839,0
              -68.0902719,-16.514444,0
              -68.0906152,-16.5143244,0
              -68.0909505,-16.514156,0
            </coordinates>
          </LinearRing>
        </outerBoundaryIs>
      </Polygon>
    </Placemark>
    <Placemark>
      <name>Territorio 22D</name>
      <styleUrl>#poly-F9A825-1200-77-nodesc</styleUrl>
      <Polygon>
        <outerBoundaryIs>
          <LinearRing>
            <tessellate>1</tessellate>
            <coordinates>
              -68.0908296,-16.5146991,0
              -68.0910281,-16.5152289,0
              -68.0908913,-16.5152803,0
              -68.0907733,-16.5153523,0
              -68.090666,-16.5154834,0
              -68.090599,-16.515684,0
              -68.0904917,-16.5161958,0
              -68.0902074,-16.516152,0
              -68.0902717,-16.5158203,0
              -68.0900196,-16.5158203,0
              -68.0900303,-16.5156377,0
              -68.0901913,-16.5153086,0
              -68.0902476,-16.5150411,0
              -68.0904032,-16.5148483,0
              -68.0908296,-16.5146991,0
            </coordinates>
          </LinearRing>
        </outerBoundaryIs>
      </Polygon>
    </Placemark>
    <Placemark>
      <name>Territorio 22E</name>
      <styleUrl>#poly-F9A825-1200-77-nodesc</styleUrl>
      <Polygon>
        <outerBoundaryIs>
          <LinearRing>
            <tessellate>1</tessellate>
            <coordinates>
              -68.0901685,-16.5146263,0
              -68.090206,-16.5148192,0
              -68.0902006,-16.5150146,0
              -68.0901,-16.5153309,0
              -68.0899646,-16.5156344,0
              -68.0899512,-16.5162143,0
              -68.0899136,-16.5167916,0
              -68.0898573,-16.516933,0
              -68.0896883,-16.5169304,0
              -68.08975,-16.5161127,0
              -68.0896857,-16.5155367,0
              -68.0898198,-16.5152898,0
              -68.0899029,-16.5149915,0
              -68.0899002,-16.5148578,0
              -68.0899244,-16.5147035,0
              -68.0901685,-16.5146263,0
            </coordinates>
          </LinearRing>
        </outerBoundaryIs>
      </Polygon>
    </Placemark>
    <Placemark>
      <name>Territorio 22F</name>
      <styleUrl>#poly-F9A825-1200-77-nodesc</styleUrl>
      <Polygon>
        <outerBoundaryIs>
          <LinearRing>
            <tessellate>1</tessellate>
            <coordinates>
              -68.0904809,-16.5162326,0
              -68.0902583,-16.5172509,0
              -68.0902086,-16.5173255,0
              -68.0901402,-16.5173692,0
              -68.0900155,-16.5172496,0
              -68.0899109,-16.5171223,0
              -68.0898988,-16.5170233,0
              -68.0899176,-16.5169166,0
              -68.0899672,-16.5168163,0
              -68.0900142,-16.5162043,0
              -68.0900571,-16.5161708,0
              -68.0904809,-16.5162326,0
            </coordinates>
          </LinearRing>
        </outerBoundaryIs>
      </Polygon>
    </Placemark>
    <Placemark>
      <name>Territorio 23A</name>
      <styleUrl>#poly-0288D1-1200-77-nodesc</styleUrl>
      <Polygon>
        <outerBoundaryIs>
          <LinearRing>
            <tessellate>1</tessellate>
            <coordinates>
              -68.0917632,-16.5143065,0
              -68.0919496,-16.5146022,0
              -68.0915459,-16.5148761,0
              -68.0913179,-16.5145495,0
              -68.0917632,-16.5143065,0
            </coordinates>
          </LinearRing>
        </outerBoundaryIs>
      </Polygon>
    </Placemark>
    <Placemark>
      <name>Territorio 23B</name>
      <styleUrl>#poly-0288D1-1200-77-nodesc</styleUrl>
      <Polygon>
        <outerBoundaryIs>
          <LinearRing>
            <tessellate>1</tessellate>
            <coordinates>
              -68.0913334,-16.51467,0
              -68.091489,-16.5149143,0
              -68.0915882,-16.5152589,0
              -68.0914622,-16.515408,0
              -68.0913388,-16.515498,0
              -68.0911913,-16.5154415,0
              -68.0909901,-16.5149014,0
              -68.0913334,-16.51467,0
            </coordinates>
          </LinearRing>
        </outerBoundaryIs>
      </Polygon>
    </Placemark>
    <Placemark>
      <name>Territorio 23C</name>
      <styleUrl>#poly-0288D1-1200-77-nodesc</styleUrl>
      <Polygon>
        <outerBoundaryIs>
          <LinearRing>
            <tessellate>1</tessellate>
            <coordinates>
              -68.091949,-16.5146494,0
              -68.0920241,-16.5153026,0
              -68.0917854,-16.5157205,0
              -68.0915252,-16.5155726,0
              -68.0916647,-16.515282,0
              -68.0915574,-16.5148937,0
              -68.091949,-16.5146494,0
            </coordinates>
          </LinearRing>
        </outerBoundaryIs>
      </Polygon>
    </Placemark>
    <Placemark>
      <name>Territorio 23D</name>
      <styleUrl>#poly-0288D1-1200-77-nodesc</styleUrl>
      <Polygon>
        <outerBoundaryIs>
          <LinearRing>
            <tessellate>1</tessellate>
            <coordinates>
              -68.091029,-16.5152949,0
              -68.0911014,-16.5154183,0
              -68.0910853,-16.5154758,0
              -68.0909794,-16.5155419,0
              -68.0908922,-16.5156542,0
              -68.0908399,-16.5158455,0
              -68.0908359,-16.5160316,0
              -68.0906347,-16.5164958,0
              -68.090506,-16.5164547,0
              -68.0905945,-16.5160252,0
              -68.0906883,-16.5156498,0
              -68.0907353,-16.5155019,0
              -68.0908037,-16.5154158,0
              -68.091029,-16.5152949,0
            </coordinates>
          </LinearRing>
        </outerBoundaryIs>
      </Polygon>
    </Placemark>
    <Placemark>
      <name>Territorio 23E</name>
      <styleUrl>#poly-0288D1-1200-77-nodesc</styleUrl>
      <Polygon>
        <outerBoundaryIs>
          <LinearRing>
            <tessellate>1</tessellate>
            <coordinates>
              -68.0917332,-16.5157375,0
              -68.0916715,-16.515915,0
              -68.0919236,-16.5160127,0
              -68.0916929,-16.5165398,0
              -68.0912369,-16.516311,0
              -68.0915186,-16.5156578,0
              -68.0917332,-16.5157375,0
            </coordinates>
          </LinearRing>
        </outerBoundaryIs>
      </Polygon>
    </Placemark>
    <Placemark>
      <name>Territorio 23F</name>
      <styleUrl>#poly-0288D1-1200-77-nodesc</styleUrl>
      <Polygon>
        <outerBoundaryIs>
          <LinearRing>
            <tessellate>1</tessellate>
            <coordinates>
              -68.0918513,-16.5166413,0
              -68.0917199,-16.516955,0
              -68.0917735,-16.5169833,0
              -68.091685,-16.5171453,0
              -68.0914624,-16.517279,0
              -68.0912854,-16.5171942,0
              -68.0911915,-16.5172276,0
              -68.091103,-16.517279,0
              -68.0909957,-16.5174925,0
              -68.0909126,-16.5175645,0
              -68.0908455,-16.5175748,0
              -68.090757,-16.517477,0
              -68.0907355,-16.5173613,0
              -68.0912022,-16.5163764,0
              -68.0918513,-16.5166413,0
            </coordinates>
          </LinearRing>
        </outerBoundaryIs>
      </Polygon>
    </Placemark>
    <Placemark>
      <name>Territorio 23G</name>
      <styleUrl>#poly-0288D1-1200-77-nodesc</styleUrl>
      <Polygon>
        <outerBoundaryIs>
          <LinearRing>
            <tessellate>1</tessellate>
            <coordinates>
              -68.0914548,-16.5156324,0
              -68.0912416,-16.5161815,0
              -68.0908165,-16.5170288,0
              -68.0905214,-16.5169002,0
              -68.0911598,-16.5155013,0
              -68.0914548,-16.5156324,0
            </coordinates>
          </LinearRing>
        </outerBoundaryIs>
      </Polygon>
    </Placemark>
    <Placemark>
      <name>Territorio 23H</name>
      <styleUrl>#poly-0288D1-1200-77-nodesc</styleUrl>
      <Polygon>
        <outerBoundaryIs>
          <LinearRing>
            <tessellate>1</tessellate>
            <coordinates>
              -68.0908108,-16.5170545,0
              -68.0906727,-16.5173824,0
              -68.0907169,-16.5175483,0
              -68.0908323,-16.517664,0
              -68.0908524,-16.517853,0
              -68.0908403,-16.5178851,0
              -68.0904715,-16.5179199,0
              -68.0904112,-16.5174158,0
              -68.0904407,-16.5171497,0
              -68.0905104,-16.5169298,0
              -68.0908108,-16.5170545,0
            </coordinates>
          </LinearRing>
        </outerBoundaryIs>
      </Polygon>
    </Placemark>
    <Placemark>
      <name>Territorio 25A</name>
      <styleUrl>#poly-7CB342-1200-77-nodesc</styleUrl>
      <Polygon>
        <outerBoundaryIs>
          <LinearRing>
            <tessellate>1</tessellate>
            <coordinates>
              -68.0894355,-16.5164637,0
              -68.0894026,-16.5170584,0
              -68.0895042,-16.5177132,0
              -68.0895253,-16.5180902,0
              -68.0894757,-16.5197836,0
              -68.0892504,-16.519781,0
              -68.0892236,-16.5164817,0
              -68.0894355,-16.5164637,0
            </coordinates>
          </LinearRing>
        </outerBoundaryIs>
      </Polygon>
    </Placemark>
    <Placemark>
      <name>Territorio 25B</name>
      <styleUrl>#poly-7CB342-1200-77-nodesc</styleUrl>
      <Polygon>
        <outerBoundaryIs>
          <LinearRing>
            <tessellate>1</tessellate>
            <coordinates>
              -68.0903202,-16.5175116,0
              -68.0902022,-16.5187331,0
              -68.0900144,-16.5187305,0
              -68.0901298,-16.5175065,0
              -68.0901619,-16.5174705,0
              -68.0902773,-16.5174551,0
              -68.0903202,-16.5175116,0
            </coordinates>
          </LinearRing>
        </outerBoundaryIs>
      </Polygon>
    </Placemark>
    <Placemark>
      <name>Territorio 25C</name>
      <styleUrl>#poly-7CB342-1200-77-nodesc</styleUrl>
      <Polygon>
        <outerBoundaryIs>
          <LinearRing>
            <tessellate>1</tessellate>
            <coordinates>
              -68.089906,-16.5172688,0
              -68.0900589,-16.5174282,0
              -68.0899516,-16.5188169,0
              -68.0899945,-16.5199766,0
              -68.0896887,-16.5200306,0
              -68.0895251,-16.5199946,0
              -68.0895224,-16.5197786,0
              -68.0896512,-16.5197786,0
              -68.0897209,-16.5195472,0
              -68.089737,-16.5188194,0
              -68.0896619,-16.5187011,0
              -68.0897263,-16.517778,0
              -68.0895787,-16.5177265,0
              -68.0895868,-16.5172765,0
              -68.089906,-16.5172688,0
            </coordinates>
          </LinearRing>
        </outerBoundaryIs>
      </Polygon>
    </Placemark>
    <Placemark>
      <name>Territorio 25D</name>
      <styleUrl>#poly-7CB342-1200-77-nodesc</styleUrl>
      <Polygon>
        <outerBoundaryIs>
          <LinearRing>
            <tessellate>1</tessellate>
            <coordinates>
              -68.0902064,-16.5187605,0
              -68.0902654,-16.5199562,0
              -68.0900669,-16.5199794,0
              -68.090024,-16.5187631,0
              -68.0902064,-16.5187605,0
            </coordinates>
          </LinearRing>
        </outerBoundaryIs>
      </Polygon>
    </Placemark>
    <Placemark>
      <name>Territorio 25E</name>
      <styleUrl>#poly-7CB342-1200-77-nodesc</styleUrl>
      <Polygon>
        <outerBoundaryIs>
          <LinearRing>
            <tessellate>1</tessellate>
            <coordinates>
              -68.0899933,-16.5200232,0
              -68.0899879,-16.5203035,0
              -68.0899557,-16.5205787,0
              -68.0898243,-16.520985,0
              -68.089717,-16.5214401,0
              -68.0897009,-16.5218593,0
              -68.0895078,-16.521939,0
              -68.0892691,-16.5220007,0
              -68.0892235,-16.521579,0
              -68.0893629,-16.5215558,0
              -68.0894193,-16.521039,0
              -68.0891162,-16.5210158,0
              -68.0891671,-16.520391,0
              -68.0892583,-16.5199204,0
              -68.0895051,-16.5199229,0
              -68.0894997,-16.5200399,0
              -68.0896902,-16.5200567,0
              -68.0899933,-16.5200232,0
            </coordinates>
          </LinearRing>
        </outerBoundaryIs>
      </Polygon>
    </Placemark>
    <Placemark>
      <name>Territorio 24A</name>
      <styleUrl>#poly-9C27B0-1200-77-nodesc</styleUrl>
      <Polygon>
        <outerBoundaryIs>
          <LinearRing>
            <tessellate>1</tessellate>
            <coordinates>
              -68.0908521,-16.517925,0
              -68.0908601,-16.5186039,0
              -68.0907555,-16.518735,0
              -68.0906831,-16.518933,0
              -68.0906482,-16.5191696,0
              -68.0904853,-16.5193464,0
              -68.0904296,-16.519554,0
              -68.0903183,-16.5195579,0
              -68.0903076,-16.5188868,0
              -68.0903505,-16.5186605,0
              -68.090431,-16.5184419,0
              -68.0904766,-16.5182156,0
              -68.0904632,-16.5179584,0
              -68.0908521,-16.517925,0
            </coordinates>
          </LinearRing>
        </outerBoundaryIs>
      </Polygon>
    </Placemark>
    <Placemark>
      <name>Territorio 24B</name>
      <styleUrl>#poly-9C27B0-1200-77-nodesc</styleUrl>
      <Polygon>
        <outerBoundaryIs>
          <LinearRing>
            <tessellate>1</tessellate>
            <coordinates>
              -68.0911625,-16.5173937,0
              -68.0912483,-16.5182783,0
              -68.0915085,-16.5182757,0
              -68.0914146,-16.5186563,0
              -68.0912832,-16.5189083,0
              -68.0910472,-16.5192349,0
              -68.0907763,-16.51924,0
              -68.0907199,-16.5191577,0
              -68.0908138,-16.5188286,0
              -68.0909291,-16.5185843,0
              -68.0908943,-16.5176457,0
              -68.0909774,-16.5176097,0
              -68.0910606,-16.5175274,0
              -68.0911196,-16.517386,0
              -68.0911625,-16.5173937,0
            </coordinates>
          </LinearRing>
        </outerBoundaryIs>
      </Polygon>
    </Placemark>
    <Placemark>
      <name>Territorio 24C</name>
      <styleUrl>#poly-9C27B0-1200-77-nodesc</styleUrl>
      <Polygon>
        <outerBoundaryIs>
          <LinearRing>
            <tessellate>1</tessellate>
            <coordinates>
              -68.0910499,-16.5192965,0
              -68.0909721,-16.5200011,0
              -68.0908863,-16.5201477,0
              -68.090669,-16.5202249,0
              -68.0907897,-16.5192965,0
              -68.0910499,-16.5192965,0
            </coordinates>
          </LinearRing>
        </outerBoundaryIs>
      </Polygon>
    </Placemark>
    <Placemark>
      <name>Territorio 24D</name>
      <styleUrl>#poly-9C27B0-1200-77-nodesc</styleUrl>
      <Polygon>
        <outerBoundaryIs>
          <LinearRing>
            <tessellate>1</tessellate>
            <coordinates>
              -68.0914868,-16.5186782,0
              -68.0916612,-16.5187348,0
              -68.0916558,-16.5188762,0
              -68.0919482,-16.5188865,0
              -68.091983,-16.5191282,0
              -68.0917336,-16.5191693,0
              -68.0916639,-16.5193905,0
              -68.0913635,-16.5193493,0
              -68.0913259,-16.5197531,0
              -68.0913661,-16.5200308,0
              -68.0909155,-16.5201542,0
              -68.0910094,-16.5200076,0
              -68.0911113,-16.5192491,0
              -68.0912133,-16.5191025,0
              -68.0914868,-16.5186782,0
            </coordinates>
          </LinearRing>
        </outerBoundaryIs>
      </Polygon>
    </Placemark>
    <Placemark>
      <name>Territorio 24E</name>
      <styleUrl>#poly-9C27B0-1200-77-nodesc</styleUrl>
      <Polygon>
        <outerBoundaryIs>
          <LinearRing>
            <tessellate>1</tessellate>
            <coordinates>
              -68.0913891,-16.5200519,0
              -68.0914213,-16.5201548,0
              -68.0912282,-16.5202165,0
              -68.0914133,-16.5209134,0
              -68.0917351,-16.5209545,0
              -68.0917083,-16.5223405,0
              -68.0914696,-16.5226954,0
              -68.0913114,-16.5224048,0
              -68.0910941,-16.5222917,0
              -68.0907508,-16.5221734,0
              -68.0906945,-16.5220782,0
              -68.0906945,-16.5219497,0
              -68.0906998,-16.5218468,0
              -68.0908768,-16.5213377,0
              -68.0908688,-16.5212194,0
              -68.0908715,-16.5211217,0
              -68.0910646,-16.5207745,0
              -68.0910673,-16.5205791,0
              -68.0909895,-16.5203142,0
              -68.0909171,-16.5202036,0
              -68.0909305,-16.5201702,0
              -68.0913891,-16.5200519,0
            </coordinates>
          </LinearRing>
        </outerBoundaryIs>
      </Polygon>
    </Placemark>
    <Placemark>
      <name>Territorio 24F</name>
      <styleUrl>#poly-9C27B0-1200-77-nodesc</styleUrl>
      <Polygon>
        <outerBoundaryIs>
          <LinearRing>
            <tessellate>1</tessellate>
            <coordinates>
              -68.0908384,-16.520195,0
              -68.0909296,-16.520357,0
              -68.090994,-16.5206373,0
              -68.0909618,-16.5208173,0
              -68.0908116,-16.5210873,0
              -68.0908116,-16.5213084,0
              -68.0906936,-16.5216402,0
              -68.0906185,-16.5219076,0
              -68.0906265,-16.522103,0
              -68.0904576,-16.5221236,0
              -68.0903261,-16.521437,0
              -68.0907955,-16.5207556,0
              -68.0908143,-16.5206219,0
              -68.0907714,-16.5204393,0
              -68.0906748,-16.5202619,0
              -68.0908384,-16.520195,0
            </coordinates>
          </LinearRing>
        </outerBoundaryIs>
      </Polygon>
    </Placemark>
    <Placemark>
      <name>Territorio 26A</name>
      <styleUrl>#poly-A1C2FA-1200-77-nodesc</styleUrl>
      <Polygon>
        <outerBoundaryIs>
          <LinearRing>
            <tessellate>1</tessellate>
            <coordinates>
              -68.0896951,-16.521916,0
              -68.089789,-16.5222889,0
              -68.0897488,-16.5227003,0
              -68.0892847,-16.5227054,0
              -68.0892767,-16.5220471,0
              -68.0896951,-16.521916,0
            </coordinates>
          </LinearRing>
        </outerBoundaryIs>
      </Polygon>
    </Placemark>
    <Placemark>
      <name>Territorio 26B</name>
      <styleUrl>#poly-A1C2FA-1200-77-nodesc</styleUrl>
      <Polygon>
        <outerBoundaryIs>
          <LinearRing>
            <tessellate>1</tessellate>
            <coordinates>
              -68.0903254,-16.5219262,0
              -68.0903656,-16.5221384,0
              -68.0898131,-16.5221538,0
              -68.0897688,-16.5219378,0
              -68.0903254,-16.5219262,0
            </coordinates>
          </LinearRing>
        </outerBoundaryIs>
      </Polygon>
    </Placemark>
    <Placemark>
      <name>Territorio 26C</name>
      <styleUrl>#poly-A1C2FA-1200-77-nodesc</styleUrl>
      <Polygon>
        <outerBoundaryIs>
          <LinearRing>
            <tessellate>1</tessellate>
            <coordinates>
              -68.0903723,-16.5222077,0
              -68.0904582,-16.5224572,0
              -68.0904582,-16.5226989,0
              -68.0898279,-16.5226629,0
              -68.0898359,-16.5222283,0
              -68.0903723,-16.5222077,0
            </coordinates>
          </LinearRing>
        </outerBoundaryIs>
      </Polygon>
    </Placemark>
    <Placemark>
      <name>Territorio 26D</name>
      <styleUrl>#poly-A1C2FA-1200-77-nodesc</styleUrl>
      <Polygon>
        <outerBoundaryIs>
          <LinearRing>
            <tessellate>1</tessellate>
            <coordinates>
              -68.0897577,-16.5227321,0
              -68.0897255,-16.5235035,0
              -68.0893554,-16.523609,0
              -68.0893044,-16.5227475,0
              -68.0897577,-16.5227321,0
            </coordinates>
          </LinearRing>
        </outerBoundaryIs>
      </Polygon>
    </Placemark>
    <Placemark>
      <name>Territorio 26E</name>
      <styleUrl>#poly-A1C2FA-1200-77-nodesc</styleUrl>
      <Polygon>
        <outerBoundaryIs>
          <LinearRing>
            <tessellate>1</tessellate>
            <coordinates>
              -68.0904638,-16.5227655,0
              -68.0903913,-16.523213,0
              -68.0898012,-16.5231898,0
              -68.0898308,-16.5227372,0
              -68.0904638,-16.5227655,0
            </coordinates>
          </LinearRing>
        </outerBoundaryIs>
      </Polygon>
    </Placemark>
    <Placemark>
      <name>Territorio 26F</name>
      <styleUrl>#poly-A1C2FA-1200-77-nodesc</styleUrl>
      <Polygon>
        <outerBoundaryIs>
          <LinearRing>
            <tessellate>1</tessellate>
            <coordinates>
              -68.0897288,-16.5235494,0
              -68.0899327,-16.5244083,0
              -68.0895625,-16.5245317,0
              -68.0893694,-16.5236574,0
              -68.0897288,-16.5235494,0
            </coordinates>
          </LinearRing>
        </outerBoundaryIs>
      </Polygon>
    </Placemark>
    <Placemark>
      <name>Territorio 26G</name>
      <styleUrl>#poly-A1C2FA-1200-77-nodesc</styleUrl>
      <Polygon>
        <outerBoundaryIs>
          <LinearRing>
            <tessellate>1</tessellate>
            <coordinates>
              -68.0903699,-16.5232948,0
              -68.0902894,-16.5238914,0
              -68.0902143,-16.5240097,0
              -68.0901633,-16.5242128,0
              -68.0902116,-16.5249226,0
              -68.0901151,-16.5249328,0
              -68.0897959,-16.5235417,0
              -68.0898066,-16.5232614,0
              -68.0903699,-16.5232948,0
            </coordinates>
          </LinearRing>
        </outerBoundaryIs>
      </Polygon>
    </Placemark>
    <Placemark>
      <name>Territorio 26H</name>
      <styleUrl>#poly-A1C2FA-1200-77-nodesc</styleUrl>
      <Polygon>
        <outerBoundaryIs>
          <LinearRing>
            <tessellate>1</tessellate>
            <coordinates>
              -68.0899265,-16.5244513,0
              -68.0901545,-16.5253822,0
              -68.0897817,-16.5254825,0
              -68.0896771,-16.525233,0
              -68.0895724,-16.5245593,0
              -68.0899265,-16.5244513,0
            </coordinates>
          </LinearRing>
        </outerBoundaryIs>
      </Polygon>
    </Placemark>
    <Placemark>
      <name>Territorio 11A</name>
      <styleUrl>#poly-A52714-1200-77-nodesc</styleUrl>
      <Polygon>
        <outerBoundaryIs>
          <LinearRing>
            <tessellate>1</tessellate>
            <coordinates>
              -68.0854707,-16.5211277,0
              -68.0848994,-16.5211457,0
              -68.0853553,-16.5186874,0
              -68.0857711,-16.5187619,0
              -68.0854707,-16.5211277,0
            </coordinates>
          </LinearRing>
        </outerBoundaryIs>
      </Polygon>
    </Placemark>
    <Placemark>
      <name>Territorio 11B</name>
      <styleUrl>#poly-A52714-1200-77-nodesc</styleUrl>
      <Polygon>
        <outerBoundaryIs>
          <LinearRing>
            <tessellate>1</tessellate>
            <coordinates>
              -68.085331,-16.5183137,0
              -68.084816,-16.521168,0
              -68.0844458,-16.5211835,0
              -68.0850574,-16.5182674,0
              -68.085331,-16.5183137,0
            </coordinates>
          </LinearRing>
        </outerBoundaryIs>
      </Polygon>
    </Placemark>
    <Placemark>
      <name>Territorio 11C</name>
      <styleUrl>#poly-A52714-1200-77-nodesc</styleUrl>
      <Polygon>
        <outerBoundaryIs>
          <LinearRing>
            <tessellate>1</tessellate>
            <coordinates>
              -68.0858906,-16.5179827,0
              -68.0857699,-16.5187092,0
              -68.0853595,-16.518641,0
              -68.0854641,-16.5179082,0
              -68.0858906,-16.5179827,0
            </coordinates>
          </LinearRing>
        </outerBoundaryIs>
      </Polygon>
    </Placemark>
    <Placemark>
      <name>Territorio 11D</name>
      <styleUrl>#poly-A52714-1200-77-nodesc</styleUrl>
      <Polygon>
        <outerBoundaryIs>
          <LinearRing>
            <tessellate>1</tessellate>
            <coordinates>
              -68.0861082,-16.5171934,0
              -68.0859178,-16.5179314,0
              -68.0854739,-16.5178491,0
              -68.0856818,-16.5171137,0
              -68.0861082,-16.5171934,0
            </coordinates>
          </LinearRing>
        </outerBoundaryIs>
      </Polygon>
    </Placemark>
    <Placemark>
      <name>Territorio 11E</name>
      <styleUrl>#poly-A52714-1200-77-nodesc</styleUrl>
      <Polygon>
        <outerBoundaryIs>
          <LinearRing>
            <tessellate>1</tessellate>
            <coordinates>
              -68.0861409,-16.5171134,0
              -68.0856956,-16.5170516,0
              -68.0859021,-16.5163342,0
              -68.0858968,-16.5162185,0
              -68.0858673,-16.5162107,0
              -68.0858217,-16.5156167,0
              -68.0855132,-16.5156347,0
              -68.0855105,-16.5149944,0
              -68.0861516,-16.5149327,0
              -68.0861704,-16.5160231,0
              -68.0861905,-16.5169257,0
              -68.0861409,-16.5171134,0
            </coordinates>
          </LinearRing>
        </outerBoundaryIs>
      </Polygon>
    </Placemark>
    <Placemark>
      <name>Territorio 11F</name>
      <styleUrl>#poly-A52714-1200-77-nodesc</styleUrl>
      <Polygon>
        <outerBoundaryIs>
          <LinearRing>
            <tessellate>1</tessellate>
            <coordinates>
              -68.0858351,-16.5162391,0
              -68.0854784,-16.5176123,0
              -68.0852853,-16.5175455,0
              -68.0852745,-16.5173115,0
              -68.0856286,-16.5162211,0
              -68.0858351,-16.5162391,0
            </coordinates>
          </LinearRing>
        </outerBoundaryIs>
      </Polygon>
    </Placemark>
    <Placemark>
      <name>Territorio 10A</name>
      <styleUrl>#poly-F9A825-1200-77-nodesc</styleUrl>
      <Polygon>
        <outerBoundaryIs>
          <LinearRing>
            <tessellate>1</tessellate>
            <coordinates>
              -68.0863668,-16.5208238,0
              -68.0863843,-16.5210977,0
              -68.0855944,-16.5211324,0
              -68.0855555,-16.521099,0
              -68.0855783,-16.5208547,0
              -68.0863668,-16.5208238,0
            </coordinates>
          </LinearRing>
        </outerBoundaryIs>
      </Polygon>
    </Placemark>
    <Placemark>
      <name>Territorio 10B</name>
      <styleUrl>#poly-F9A825-1200-77-nodesc</styleUrl>
      <Polygon>
        <outerBoundaryIs>
          <LinearRing>
            <tessellate>1</tessellate>
            <coordinates>
              -68.0877136,-16.5207608,0
              -68.087711,-16.5210488,0
              -68.086461,-16.5210977,0
              -68.0864664,-16.5208122,0
              -68.0877136,-16.5207608,0
            </coordinates>
          </LinearRing>
        </outerBoundaryIs>
      </Polygon>
    </Placemark>
    <Placemark>
      <name>Territorio 10C</name>
      <styleUrl>#poly-F9A825-1200-77-nodesc</styleUrl>
      <Polygon>
        <outerBoundaryIs>
          <LinearRing>
            <tessellate>1</tessellate>
            <coordinates>
              -68.0871168,-16.520129,0
              -68.0874225,-16.5206741,0
              -68.0874038,-16.5207101,0
              -68.086591,-16.5207384,0
              -68.0865857,-16.5204736,0
              -68.086819,-16.5204504,0
              -68.086811,-16.520291,0
              -68.0871168,-16.520129,0
            </coordinates>
          </LinearRing>
        </outerBoundaryIs>
      </Polygon>
    </Placemark>
    <Placemark>
      <name>Territorio 10D</name>
      <styleUrl>#poly-F9A825-1200-77-nodesc</styleUrl>
      <Polygon>
        <outerBoundaryIs>
          <LinearRing>
            <tessellate>1</tessellate>
            <coordinates>
              -68.0862906,-16.5195838,0
              -68.0863135,-16.5203051,0
              -68.0861592,-16.5203257,0
              -68.0861592,-16.5207539,0
              -68.0855852,-16.5207641,0
              -68.0857274,-16.5195941,0
              -68.0862906,-16.5195838,0
            </coordinates>
          </LinearRing>
        </outerBoundaryIs>
      </Polygon>
    </Placemark>
    <Placemark>
      <name>Territorio 10E</name>
      <styleUrl>#poly-F9A825-1200-77-nodesc</styleUrl>
      <Polygon>
        <outerBoundaryIs>
          <LinearRing>
            <tessellate>1</tessellate>
            <coordinates>
              -68.0868735,-16.5195417,0
              -68.0870988,-16.5200766,0
              -68.0867179,-16.52029,0
              -68.0864095,-16.5202978,0
              -68.08638,-16.51957,0
              -68.0868735,-16.5195417,0
            </coordinates>
          </LinearRing>
        </outerBoundaryIs>
      </Polygon>
    </Placemark>
    <Placemark>
      <name>Territorio 10F</name>
      <styleUrl>#poly-F9A825-1200-77-nodesc</styleUrl>
      <Polygon>
        <outerBoundaryIs>
          <LinearRing>
            <tessellate>1</tessellate>
            <coordinates>
              -68.0862727,-16.5194906,0
              -68.0857336,-16.519506,0
              -68.0858462,-16.518804,0
              -68.086219,-16.5187963,0
              -68.0862727,-16.5194906,0
            </coordinates>
          </LinearRing>
        </outerBoundaryIs>
      </Polygon>
    </Placemark>
    <Placemark>
      <name>Territorio 10G</name>
      <styleUrl>#poly-F9A825-1200-77-nodesc</styleUrl>
      <Polygon>
        <outerBoundaryIs>
          <LinearRing>
            <tessellate>1</tessellate>
            <coordinates>
              -68.0865946,-16.5187757,0
              -68.086852,-16.5194777,0
              -68.0863961,-16.5194957,0
              -68.0863317,-16.5187885,0
              -68.0865946,-16.5187757,0
            </coordinates>
          </LinearRing>
        </outerBoundaryIs>
      </Polygon>
    </Placemark>
    <Placemark>
      <name>Territorio 10H</name>
      <styleUrl>#poly-F9A825-1200-77-nodesc</styleUrl>
      <Polygon>
        <outerBoundaryIs>
          <LinearRing>
            <tessellate>1</tessellate>
            <coordinates>
              -68.086244,-16.5177348,0
              -68.0865015,-16.5186863,0
              -68.0858551,-16.5187043,0
              -68.0860321,-16.5177554,0
              -68.0860752,-16.5175307,0
              -68.0861283,-16.5174903,0
              -68.0861652,-16.5175091,0
              -68.086244,-16.5177348,0
            </coordinates>
          </LinearRing>
        </outerBoundaryIs>
      </Polygon>
    </Placemark>
    <Placemark>
      <name>Territorio 9A</name>
      <styleUrl>#poly-9C27B0-1-79-nodesc</styleUrl>
      <Polygon>
        <outerBoundaryIs>
          <LinearRing>
            <tessellate>1</tessellate>
            <coordinates>
              -68.0868179,-16.5153423,0
              -68.0868662,-16.5164943,0
              -68.086268,-16.5165406,0
              -68.0862359,-16.5153629,0
              -68.0868179,-16.5153423,0
            </coordinates>
          </LinearRing>
        </outerBoundaryIs>
      </Polygon>
    </Placemark>
    <Placemark>
      <name>Territorio 9B</name>
      <styleUrl>#poly-9C27B0-1200-77-nodesc</styleUrl>
      <Polygon>
        <outerBoundaryIs>
          <LinearRing>
            <tessellate>1</tessellate>
            <coordinates>
              -68.0875148,-16.5153324,0
              -68.0875362,-16.5164999,0
              -68.0869783,-16.5165205,0
              -68.086922,-16.5153401,0
              -68.0875148,-16.5153324,0
            </coordinates>
          </LinearRing>
        </outerBoundaryIs>
      </Polygon>
    </Placemark>
    <Placemark>
      <name>Territorio 9C</name>
      <styleUrl>#poly-9C27B0-1200-77-nodesc</styleUrl>
      <Polygon>
        <outerBoundaryIs>
          <LinearRing>
            <tessellate>1</tessellate>
            <coordinates>
              -68.0868602,-16.5166002,0
              -68.0869192,-16.5177034,0
              -68.0863479,-16.5176983,0
              -68.0862809,-16.5174668,0
              -68.086305,-16.5171557,0
              -68.0862674,-16.5166259,0
              -68.0868602,-16.5166002,0
            </coordinates>
          </LinearRing>
        </outerBoundaryIs>
      </Polygon>
    </Placemark>
    <Placemark>
      <name>Territorio 9D</name>
      <styleUrl>#poly-9C27B0-1200-77-nodesc</styleUrl>
      <Polygon>
        <outerBoundaryIs>
          <LinearRing>
            <tessellate>1</tessellate>
            <coordinates>
              -68.0875267,-16.5165842,0
              -68.0875803,-16.5176745,0
              -68.0870117,-16.5176899,0
              -68.0869634,-16.5166047,0
              -68.0875267,-16.5165842,0
            </coordinates>
          </LinearRing>
        </outerBoundaryIs>
      </Polygon>
    </Placemark>
    <Placemark>
      <name>Territorio 9E</name>
      <styleUrl>#poly-9C27B0-1200-77-nodesc</styleUrl>
      <Polygon>
        <outerBoundaryIs>
          <LinearRing>
            <tessellate>1</tessellate>
            <coordinates>
              -68.0869098,-16.5177928,0
              -68.0869554,-16.5185797,0
              -68.0869473,-16.5192945,0
              -68.0868829,-16.5193048,0
              -68.086368,-16.5178031,0
              -68.0869098,-16.5177928,0
            </coordinates>
          </LinearRing>
        </outerBoundaryIs>
      </Polygon>
    </Placemark>
    <Placemark>
      <name>Territorio 9F</name>
      <styleUrl>#poly-9C27B0-1200-77-nodesc</styleUrl>
      <Polygon>
        <outerBoundaryIs>
          <LinearRing>
            <tessellate>1</tessellate>
            <coordinates>
              -68.0875964,-16.5177671,0
              -68.0876018,-16.5182916,0
              -68.0870224,-16.5183225,0
              -68.087017,-16.5177722,0
              -68.0875964,-16.5177671,0
            </coordinates>
          </LinearRing>
        </outerBoundaryIs>
      </Polygon>
    </Placemark>
    <Placemark>
      <name>Territorio 9G</name>
      <styleUrl>#poly-9C27B0-1200-77-nodesc</styleUrl>
      <Polygon>
        <outerBoundaryIs>
          <LinearRing>
            <tessellate>1</tessellate>
            <coordinates>
              -68.0876205,-16.5183618,0
              -68.087701,-16.5206761,0
              -68.0875079,-16.5206761,0
              -68.0870519,-16.5197195,0
              -68.0870251,-16.519519,0
              -68.087068,-16.5190149,0
              -68.0870358,-16.5183823,0
              -68.0876205,-16.5183618,0
            </coordinates>
          </LinearRing>
        </outerBoundaryIs>
      </Polygon>
    </Placemark>
    <Placemark>
      <name>Territorio 12A</name>
      <styleUrl>#poly-0097A7-1200-77-nodesc</styleUrl>
      <Polygon>
        <outerBoundaryIs>
          <LinearRing>
            <tessellate>1</tessellate>
            <coordinates>
              -68.0874531,-16.514425,0
              -68.087488,-16.5152453,0
              -68.0869086,-16.5152556,0
              -68.0868926,-16.5144481,0
              -68.0874531,-16.514425,0
            </coordinates>
          </LinearRing>
        </outerBoundaryIs>
      </Polygon>
    </Placemark>
    <Placemark>
      <name>Territorio 12B</name>
      <styleUrl>#poly-0097A7-1200-77-nodesc</styleUrl>
      <Polygon>
        <outerBoundaryIs>
          <LinearRing>
            <tessellate>1</tessellate>
            <coordinates>
              -68.0873271,-16.5131588,0
              -68.0874156,-16.5132719,0
              -68.0874531,-16.5143366,0
              -68.0868765,-16.5143623,0
              -68.0868255,-16.5131871,0
              -68.0873271,-16.5131588,0
            </coordinates>
          </LinearRing>
        </outerBoundaryIs>
      </Polygon>
    </Placemark>
    <Placemark>
      <name>Territorio 12C</name>
      <styleUrl>#poly-0097A7-1200-77-nodesc</styleUrl>
      <Polygon>
        <outerBoundaryIs>
          <LinearRing>
            <tessellate>1</tessellate>
            <coordinates>
              -68.0867091,-16.5128256,0
              -68.0867842,-16.5143351,0
              -68.0861995,-16.5143711,0
              -68.0861458,-16.5128487,0
              -68.0867091,-16.5128256,0
            </coordinates>
          </LinearRing>
        </outerBoundaryIs>
      </Polygon>
    </Placemark>
    <Placemark>
      <name>Territorio 12D</name>
      <styleUrl>#poly-0097A7-1200-77-nodesc</styleUrl>
      <Polygon>
        <outerBoundaryIs>
          <LinearRing>
            <tessellate>1</tessellate>
            <coordinates>
              -68.0868308,-16.5124158,0
              -68.0872761,-16.513087,0
              -68.0868201,-16.5130998,0
              -68.0867933,-16.5124209,0
              -68.0868308,-16.5124158,0
            </coordinates>
          </LinearRing>
        </outerBoundaryIs>
      </Polygon>
    </Placemark>
    <Placemark>
      <name>Territorio 12E</name>
      <styleUrl>#poly-0097A7-1200-77-nodesc</styleUrl>
      <Polygon>
        <outerBoundaryIs>
          <LinearRing>
            <tessellate>1</tessellate>
            <coordinates>
              -68.0861515,-16.5114101,0
              -68.086704,-16.512215,0
              -68.086696,-16.5127473,0
              -68.0861193,-16.5127576,0
              -68.0860925,-16.5114126,0
              -68.0861515,-16.5114101,0
            </coordinates>
          </LinearRing>
        </outerBoundaryIs>
      </Polygon>
    </Placemark>
    <Placemark>
      <name>Territorio 12F</name>
      <styleUrl>#poly-0097A7-1200-77-nodesc</styleUrl>
      <Polygon>
        <outerBoundaryIs>
          <LinearRing>
            <tessellate>1</tessellate>
            <coordinates>
              -68.0860013,-16.5113207,0
              -68.0860415,-16.5129305,0
              -68.0857572,-16.5129279,0
              -68.0857036,-16.5119494,0
              -68.0856848,-16.5110378,0
              -68.0860013,-16.5113207,0
            </coordinates>
          </LinearRing>
        </outerBoundaryIs>
      </Polygon>
    </Placemark>
    <Placemark>
      <name>Territorio 12G</name>
      <styleUrl>#poly-0097A7-1200-77-nodesc</styleUrl>
      <Polygon>
        <outerBoundaryIs>
          <LinearRing>
            <tessellate>1</tessellate>
            <coordinates>
              -68.0854702,-16.5108012,0
              -68.0855292,-16.5109002,0
              -68.0856204,-16.5109838,0
              -68.0856486,-16.5119713,0
              -68.0857277,-16.5129433,0
              -68.0854005,-16.5129742,0
              -68.0853924,-16.5127865,0
              -68.0850625,-16.5127788,0
              -68.0850598,-16.5124162,0
              -68.0854917,-16.5121539,0
              -68.0855131,-16.5116112,0
              -68.0852932,-16.511637,0
              -68.0852959,-16.5112769,0
              -68.0855346,-16.5112409,0
              -68.0855078,-16.5110404,0
              -68.0851859,-16.5110326,0
              -68.085143,-16.5107909,0
              -68.0854702,-16.5108012,0
            </coordinates>
          </LinearRing>
        </outerBoundaryIs>
      </Polygon>
    </Placemark>
    <Placemark>
      <name>Territorio 12H</name>
      <styleUrl>#poly-0097A7-1200-77-nodesc</styleUrl>
      <Polygon>
        <outerBoundaryIs>
          <LinearRing>
            <tessellate>1</tessellate>
            <coordinates>
              -68.0853924,-16.5127865,0
              -68.0853844,-16.5130123,0
              -68.08554,-16.513002,0
              -68.0855453,-16.5135111,0
              -68.085092,-16.5137143,0
              -68.0849445,-16.5133748,0
              -68.0847353,-16.51338,0
              -68.0847058,-16.5129685,0
              -68.0849016,-16.5129505,0
              -68.0849043,-16.5128091,0
              -68.0853924,-16.5127865,0
            </coordinates>
          </LinearRing>
        </outerBoundaryIs>
      </Polygon>
    </Placemark>
    <Placemark>
      <name>Territorio 12 I</name>
      <styleUrl>#poly-0097A7-1200-77-nodesc</styleUrl>
      <Polygon>
        <outerBoundaryIs>
          <LinearRing>
            <tessellate>1</tessellate>
            <coordinates>
              -68.0860415,-16.5130225,0
              -68.0861354,-16.5148972,0
              -68.0858431,-16.5149281,0
              -68.0857867,-16.5139741,0
              -68.0857733,-16.51302,0
              -68.0860415,-16.5130225,0
            </coordinates>
          </LinearRing>
        </outerBoundaryIs>
      </Polygon>
    </Placemark>
    <Placemark>
      <name>Territorio 12J</name>
      <styleUrl>#poly-0097A7-1200-77-nodesc</styleUrl>
      <Polygon>
        <outerBoundaryIs>
          <LinearRing>
            <tessellate>1</tessellate>
            <coordinates>
              -68.0857331,-16.5130148,0
              -68.0857264,-16.513974,0
              -68.0857847,-16.5145719,0
              -68.0857733,-16.5149229,0
              -68.0854515,-16.5149564,0
              -68.0854729,-16.5147969,0
              -68.0852932,-16.5147841,0
              -68.0851966,-16.5136834,0
              -68.0855614,-16.5135137,0
              -68.0855641,-16.5130123,0
              -68.0857331,-16.5130148,0
            </coordinates>
          </LinearRing>
        </outerBoundaryIs>
      </Polygon>
    </Placemark>
    <Placemark>
      <name>Territorio 44A</name>
      <styleUrl>#poly-F48FB1-1200-77-nodesc</styleUrl>
      <Polygon>
        <outerBoundaryIs>
          <LinearRing>
            <tessellate>1</tessellate>
            <coordinates>
              -68.0979946,-16.5265562,0
              -68.0980697,-16.5269882,0
              -68.0980643,-16.5271013,0
              -68.0979624,-16.5275128,0
              -68.0978712,-16.5275487,0
              -68.0977994,-16.5274548,0
              -68.0976677,-16.5268467,0
              -68.0974436,-16.5264841,0
              -68.0975735,-16.5262347,0
              -68.0976835,-16.5262939,0
              -68.0976862,-16.5263427,0
              -68.0979946,-16.5265562,0
            </coordinates>
          </LinearRing>
        </outerBoundaryIs>
      </Polygon>
    </Placemark>
    <Placemark>
      <name>Territorio 44B</name>
      <styleUrl>#poly-F48FB1-1200-77-nodesc</styleUrl>
      <Polygon>
        <outerBoundaryIs>
          <LinearRing>
            <tessellate>1</tessellate>
            <coordinates>
              -68.0980979,-16.5266925,0
              -68.0983098,-16.526875,0
              -68.0986638,-16.5270447,0
              -68.0985968,-16.527307,0
              -68.098574,-16.5278534,0
              -68.0985411,-16.5279248,0
              -68.0984305,-16.5279782,0
              -68.0983473,-16.528,0
              -68.0982615,-16.5280013,0
              -68.0979262,-16.5276053,0
              -68.0979852,-16.5275693,0
              -68.0980389,-16.527451,0
              -68.0980939,-16.5272761,0
              -68.0981294,-16.5271874,0
              -68.0981515,-16.5270242,0
              -68.0980979,-16.5266925,0
            </coordinates>
          </LinearRing>
        </outerBoundaryIs>
      </Polygon>
    </Placemark>
    <Placemark>
      <name>Territorio 44C</name>
      <styleUrl>#poly-F48FB1-1200-77-nodesc</styleUrl>
      <Polygon>
        <outerBoundaryIs>
          <LinearRing>
            <tessellate>1</tessellate>
            <coordinates>
              -68.0989525,-16.5262382,0
              -68.0988425,-16.5264259,0
              -68.0987164,-16.5268862,0
              -68.0986681,-16.5269428,0
              -68.0983168,-16.5267654,0
              -68.0980566,-16.5265648,0
              -68.0983945,-16.5261598,0
              -68.0984468,-16.5260325,0
              -68.0984241,-16.5258576,0
              -68.0983946,-16.5257136,0
              -68.0984643,-16.5256674,0
              -68.0989525,-16.5262382,0
            </coordinates>
          </LinearRing>
        </outerBoundaryIs>
      </Polygon>
    </Placemark>
    <Placemark>
      <name>Territorio 44D</name>
      <styleUrl>#poly-F48FB1-1200-77-nodesc</styleUrl>
      <Polygon>
        <outerBoundaryIs>
          <LinearRing>
            <tessellate>1</tessellate>
            <coordinates>
              -68.0981505,-16.5252431,0
              -68.0981853,-16.5254102,0
              -68.0983114,-16.5257419,0
              -68.0983516,-16.5259682,0
              -68.0983262,-16.5260646,0
              -68.0980083,-16.5264954,0
              -68.0976835,-16.5262939,0
              -68.0979493,-16.5251968,0
              -68.0981505,-16.5252431,0
            </coordinates>
          </LinearRing>
        </outerBoundaryIs>
      </Polygon>
    </Placemark>
    <Placemark>
      <name>Territorio 45A</name>
      <styleUrl>#poly-A52714-1200-77-nodesc</styleUrl>
      <Polygon>
        <outerBoundaryIs>
          <LinearRing>
            <tessellate>1</tessellate>
            <coordinates>
              -68.0982107,-16.5245478,0
              -68.0982215,-16.5245504,0
              -68.0983542,-16.524994,0
              -68.0983408,-16.5250415,0
              -68.0982698,-16.5250775,0
              -68.0981611,-16.5252023,0
              -68.09796,-16.5249155,0
              -68.0982107,-16.5245478,0
            </coordinates>
          </LinearRing>
        </outerBoundaryIs>
      </Polygon>
    </Placemark>
    <Placemark>
      <name>Territorio 45B</name>
      <styleUrl>#poly-A52714-1200-77-nodesc</styleUrl>
      <Polygon>
        <outerBoundaryIs>
          <LinearRing>
            <tessellate>1</tessellate>
            <coordinates>
              -68.0973354,-16.5243351,0
              -68.097389,-16.5244804,0
              -68.0981588,-16.5244096,0
              -68.0982017,-16.5244932,0
              -68.097904,-16.5249316,0
              -68.0981374,-16.5252184,0
              -68.0979456,-16.5251849,0
              -68.0977618,-16.5248584,0
              -68.0978168,-16.5247696,0
              -68.0975821,-16.5246051,0
              -68.0972241,-16.5246269,0
              -68.0971838,-16.5243826,0
              -68.0973354,-16.5243351,0
            </coordinates>
          </LinearRing>
        </outerBoundaryIs>
      </Polygon>
    </Placemark>
    <Placemark>
      <name>Territorio 45C</name>
      <styleUrl>#poly-A52714-1200-77-nodesc</styleUrl>
      <Polygon>
        <outerBoundaryIs>
          <LinearRing>
            <tessellate>1</tessellate>
            <coordinates>
              -68.0979992,-16.5237616,0
              -68.0979563,-16.5241538,0
              -68.0980851,-16.5241679,0
              -68.0981535,-16.5242489,0
              -68.0981776,-16.5243865,0
              -68.0976465,-16.5244328,0
              -68.0976465,-16.5239044,0
              -68.0978276,-16.5238221,0
              -68.0978276,-16.5237591,0
              -68.0979992,-16.5237616,0
            </coordinates>
          </LinearRing>
        </outerBoundaryIs>
      </Polygon>
    </Placemark>
    <Placemark>
      <name>Territorio 45D</name>
      <styleUrl>#poly-A52714-1200-77-nodesc</styleUrl>
      <Polygon>
        <outerBoundaryIs>
          <LinearRing>
            <tessellate>1</tessellate>
            <coordinates>
              -68.0984714,-16.5236681,0
              -68.098513,-16.5238726,0
              -68.0983923,-16.5239099,0
              -68.0984553,-16.5242827,0
              -68.098277,-16.5243496,0
              -68.0982502,-16.5241696,0
              -68.0979752,-16.5241439,0
              -68.0980302,-16.5237119,0
              -68.0983239,-16.523744,0
              -68.0984714,-16.5236681,0
            </coordinates>
          </LinearRing>
        </outerBoundaryIs>
      </Polygon>
    </Placemark>
    <Placemark>
      <name>Territorio 45E</name>
      <styleUrl>#poly-A52714-1200-77-nodesc</styleUrl>
      <Polygon>
        <outerBoundaryIs>
          <LinearRing>
            <tessellate>1</tessellate>
            <coordinates>
              -68.0990082,-16.5237387,0
              -68.0985455,-16.5238596,0
              -68.098508,-16.5236333,0
              -68.0983108,-16.5234186,0
              -68.0984275,-16.5233131,0
              -68.0987909,-16.5235304,0
              -68.0990136,-16.5237078,0
              -68.0990082,-16.5237387,0
            </coordinates>
          </LinearRing>
        </outerBoundaryIs>
      </Polygon>
    </Placemark>
    <Placemark>
      <name>Territorio 45F</name>
      <styleUrl>#poly-A52714-1200-77-nodesc</styleUrl>
      <Polygon>
        <outerBoundaryIs>
          <LinearRing>
            <tessellate>1</tessellate>
            <coordinates>
              -68.0986773,-16.5243246,0
              -68.0986692,-16.5244789,0
              -68.0988463,-16.5251243,0
              -68.0988275,-16.5252169,0
              -68.0984305,-16.5255306,0
              -68.0982293,-16.5252812,0
              -68.0982347,-16.5252041,0
              -68.0983259,-16.5251243,0
              -68.0984144,-16.5250549,0
              -68.0984332,-16.5249932,0
              -68.0982803,-16.5244043,0
              -68.0986773,-16.5243246,0
            </coordinates>
          </LinearRing>
        </outerBoundaryIs>
      </Polygon>
    </Placemark>
    <Placemark>
      <name>Territorio 45G</name>
      <styleUrl>#poly-A52714-1200-77-nodesc</styleUrl>
      <Polygon>
        <outerBoundaryIs>
          <LinearRing>
            <tessellate>1</tessellate>
            <coordinates>
              -68.0990581,-16.5240495,0
              -68.0990608,-16.5242398,0
              -68.0992379,-16.5250652,0
              -68.0990823,-16.5250909,0
              -68.0988945,-16.5250498,0
              -68.0987229,-16.5244352,0
              -68.098747,-16.5240932,0
              -68.0990045,-16.5239723,0
              -68.0990581,-16.5240495,0
            </coordinates>
          </LinearRing>
        </outerBoundaryIs>
      </Polygon>
    </Placemark>
    <Placemark>
      <name>Territorio 45H</name>
      <styleUrl>#poly-A52714-1200-77-nodesc</styleUrl>
      <Polygon>
        <outerBoundaryIs>
          <LinearRing>
            <tessellate>1</tessellate>
            <coordinates>
              -68.0992558,-16.5252181,0
              -68.0992746,-16.5252515,0
              -68.0992585,-16.5253287,0
              -68.0989661,-16.5256758,0
              -68.0987167,-16.5258275,0
              -68.0984914,-16.5255987,0
              -68.0985102,-16.5255215,0
              -68.0988401,-16.5252875,0
              -68.0988964,-16.525213,0
              -68.0989018,-16.525087,0
              -68.0991056,-16.5251153,0
              -68.0991163,-16.5251821,0
              -68.0992558,-16.5252181,0
            </coordinates>
          </LinearRing>
        </outerBoundaryIs>
      </Polygon>
    </Placemark>
    <Placemark>
      <name>Territorio 45I</name>
      <styleUrl>#poly-A52714-1200-77-nodesc</styleUrl>
      <Polygon>
        <outerBoundaryIs>
          <LinearRing>
            <tessellate>1</tessellate>
            <coordinates>
              -68.09917,-16.5238321,0
              -68.0995348,-16.524385,0
              -68.0996447,-16.5247475,0
              -68.0992692,-16.5248247,0
              -68.099111,-16.5242075,0
              -68.0991163,-16.5238527,0
              -68.09917,-16.5238321,0
            </coordinates>
          </LinearRing>
        </outerBoundaryIs>
      </Polygon>
    </Placemark>
    <Placemark>
      <name>Territorio 45J</name>
      <styleUrl>#poly-A52714-1200-77-nodesc</styleUrl>
      <Polygon>
        <outerBoundaryIs>
          <LinearRing>
            <tessellate>1</tessellate>
            <coordinates>
              -68.0996555,-16.5247743,0
              -68.0998057,-16.52516,0
              -68.0998084,-16.5252371,0
              -68.0994302,-16.52588,0
              -68.0990573,-16.526132,0
              -68.0989688,-16.5261243,0
              -68.0987703,-16.5259263,0
              -68.0987945,-16.5258697,0
              -68.0989527,-16.5257694,0
              -68.0991083,-16.5256408,0
              -68.0993336,-16.5253194,0
              -68.0994892,-16.5253837,0
              -68.0996072,-16.5251008,0
              -68.0995535,-16.5247897,0
              -68.0996555,-16.5247743,0
            </coordinates>
          </LinearRing>
        </outerBoundaryIs>
      </Polygon>
    </Placemark>
    <Placemark>
      <name>Territorio 30A</name>
      <styleUrl>#poly-817717-1200-77-nodesc</styleUrl>
      <Polygon>
        <outerBoundaryIs>
          <LinearRing>
            <tessellate>1</tessellate>
            <coordinates>
              -68.0963804,-16.5255122,0
              -68.0964072,-16.5255559,0
              -68.0963482,-16.5257179,0
              -68.0962463,-16.5262836,0
              -68.0960049,-16.5264276,0
              -68.095742,-16.5265304,0
              -68.0956106,-16.526533,0
              -68.0952833,-16.5264096,0
              -68.0950741,-16.5264121,0
              -68.094704,-16.5265433,0
              -68.0949347,-16.5263453,0
              -68.0951197,-16.5260187,0
              -68.0953665,-16.5258233,0
              -68.0954309,-16.525759,0
              -68.0954631,-16.5256536,0
              -68.0954631,-16.5253399,0
              -68.0958198,-16.5254324,0
              -68.0963804,-16.5255122,0
            </coordinates>
          </LinearRing>
        </outerBoundaryIs>
      </Polygon>
    </Placemark>
    <Placemark>
      <name>Territorio 30B</name>
      <styleUrl>#poly-817717-1200-77-nodesc</styleUrl>
      <Polygon>
        <outerBoundaryIs>
          <LinearRing>
            <tessellate>1</tessellate>
            <coordinates>
              -68.0958922,-16.524463,0
              -68.0960478,-16.5246559,0
              -68.0961202,-16.5247947,0
              -68.0961873,-16.5254196,0
              -68.095455,-16.5253116,0
              -68.0955543,-16.5250184,0
              -68.0956428,-16.5247922,0
              -68.0957581,-16.524643,0
              -68.0958922,-16.524463,0
            </coordinates>
          </LinearRing>
        </outerBoundaryIs>
      </Polygon>
    </Placemark>
    <Placemark>
      <name>Territorio 30C</name>
      <styleUrl>#poly-817717-1200-77-nodesc</styleUrl>
      <Polygon>
        <outerBoundaryIs>
          <LinearRing>
            <tessellate>1</tessellate>
            <coordinates>
              -68.0967586,-16.5244013,0
              -68.0967425,-16.524499,0
              -68.0964662,-16.5254453,0
              -68.0963106,-16.5254299,0
              -68.0962516,-16.5253733,0
              -68.0962489,-16.5250596,0
              -68.0961926,-16.5247819,0
              -68.0961014,-16.5245967,0
              -68.0959164,-16.5244064,0
              -68.0957393,-16.5246122,0
              -68.0958734,-16.5240696,0
              -68.0958573,-16.5238896,0
              -68.0959029,-16.523851,0
              -68.0960102,-16.5238562,0
              -68.0965306,-16.5242882,0
              -68.0967586,-16.5244013,0
            </coordinates>
          </LinearRing>
        </outerBoundaryIs>
      </Polygon>
    </Placemark>
    <Placemark>
      <name>Territorio 30D</name>
      <styleUrl>#poly-817717-1200-77-nodesc</styleUrl>
      <Polygon>
        <outerBoundaryIs>
          <LinearRing>
            <tessellate>1</tessellate>
            <coordinates>
              -68.0969758,-16.5240439,0
              -68.0967532,-16.5243499,0
              -68.0965306,-16.524229,0
              -68.09608,-16.5238407,0
              -68.0962329,-16.5236967,0
              -68.0963482,-16.5236607,0
              -68.0964877,-16.5237173,0
              -68.0966593,-16.5235913,0
              -68.0969249,-16.523923,0
              -68.0969758,-16.5240439,0
            </coordinates>
          </LinearRing>
        </outerBoundaryIs>
      </Polygon>
    </Placemark>
    <Placemark>
      <name>Territorio 30E</name>
      <styleUrl>#poly-817717-1200-77-nodesc</styleUrl>
      <Polygon>
        <outerBoundaryIs>
          <LinearRing>
            <tessellate>1</tessellate>
            <coordinates>
              -68.0968521,-16.524422,0
              -68.0969903,-16.524584,0
              -68.097001,-16.524692,0
              -68.0969634,-16.5248386,0
              -68.0968266,-16.5248951,0
              -68.09671,-16.524917,0
              -68.0968521,-16.524422,0
            </coordinates>
          </LinearRing>
        </outerBoundaryIs>
      </Polygon>
    </Placemark>
    <Placemark>
      <name>Territorio 30F</name>
      <styleUrl>#poly-817717-1200-77-nodesc</styleUrl>
      <Polygon>
        <outerBoundaryIs>
          <LinearRing>
            <tessellate>1</tessellate>
            <coordinates>
              -68.0969728,-16.524866,0
              -68.0971525,-16.5248865,0
              -68.0971726,-16.524929,0
              -68.0969286,-16.5250691,0
              -68.0966443,-16.5252015,0
              -68.0967033,-16.5249328,0
              -68.0968421,-16.5249045,0
              -68.0969728,-16.524866,0
            </coordinates>
          </LinearRing>
        </outerBoundaryIs>
      </Polygon>
    </Placemark>
    <Placemark>
      <name>Territorio 30G</name>
      <styleUrl>#poly-817717-1200-77-nodesc</styleUrl>
      <Polygon>
        <outerBoundaryIs>
          <LinearRing>
            <tessellate>1</tessellate>
            <coordinates>
              -68.097233,-16.5248917,0
              -68.0973363,-16.5249457,0
              -68.0972826,-16.5250048,0
              -68.0973416,-16.525154,0
              -68.0968401,-16.5254317,0
              -68.0967422,-16.5256824,0
              -68.0971713,-16.5262609,0
              -68.0972974,-16.5264885,0
              -68.0972317,-16.5266055,0
              -68.0972974,-16.5266685,0
              -68.0971525,-16.5268537,0
              -68.0967448,-16.5263162,0
              -68.0965812,-16.5261954,0
              -68.096482,-16.5261748,0
              -68.0963331,-16.5262185,0
              -68.096313,-16.5261915,0
              -68.0963438,-16.5261311,0
              -68.0964042,-16.5258341,0
              -68.0965437,-16.5255127,0
              -68.0966376,-16.5252247,0
              -68.0969313,-16.5250897,0
              -68.0971874,-16.5249405,0
              -68.097233,-16.5248917,0
            </coordinates>
          </LinearRing>
        </outerBoundaryIs>
      </Polygon>
    </Placemark>
    <Placemark>
      <name>Territorio 30H</name>
      <styleUrl>#poly-817717-1200-77-nodesc</styleUrl>
      <Polygon>
        <outerBoundaryIs>
          <LinearRing>
            <tessellate>1</tessellate>
            <coordinates>
              -68.0977761,-16.5274235,0
              -68.0971606,-16.5268668,0
              -68.0973007,-16.5266913,0
              -68.0974543,-16.5265364,0
              -68.0976447,-16.5268231,0
              -68.0977761,-16.5274235,0
            </coordinates>
          </LinearRing>
        </outerBoundaryIs>
      </Polygon>
    </Placemark>
    <Placemark>
      <name>Territorio 31A</name>
      <styleUrl>#poly-FF5252-1200-77-nodesc</styleUrl>
      <Polygon>
        <outerBoundaryIs>
          <LinearRing>
            <tessellate>1</tessellate>
            <coordinates>
              -68.0959996,-16.5265088,0
              -68.0960532,-16.5266322,0
              -68.0959004,-16.5267479,0
              -68.0958226,-16.526951,0
              -68.0956885,-16.5271645,0
              -68.0955275,-16.5272622,0
              -68.0954336,-16.5271902,0
              -68.095372,-16.5271053,0
              -68.0953585,-16.5270153,0
              -68.0955839,-16.5266322,0
              -68.0957662,-16.5266142,0
              -68.0959996,-16.5265088,0
            </coordinates>
          </LinearRing>
        </outerBoundaryIs>
      </Polygon>
    </Placemark>
    <Placemark>
      <name>Territorio 31B</name>
      <styleUrl>#poly-FF5252-1200-77-nodesc</styleUrl>
      <Polygon>
        <outerBoundaryIs>
          <LinearRing>
            <tessellate>1</tessellate>
            <coordinates>
              -68.0954963,-16.5266142,0
              -68.0953112,-16.526987,0
              -68.095043,-16.5267685,0
              -68.0946567,-16.5267016,0
              -68.0947399,-16.526609,0
              -68.0949518,-16.526537,0
              -68.0952361,-16.5265088,0
              -68.0954963,-16.5266142,0
            </coordinates>
          </LinearRing>
        </outerBoundaryIs>
      </Polygon>
    </Placemark>
    <Placemark>
      <name>Territorio 31C</name>
      <styleUrl>#poly-FF5252-1200-77-nodesc</styleUrl>
      <Polygon>
        <outerBoundaryIs>
          <LinearRing>
            <tessellate>1</tessellate>
            <coordinates>
              -68.0946407,-16.5267222,0
              -68.0950081,-16.5268225,0
              -68.0952576,-16.5270282,0
              -68.0952844,-16.5271053,0
              -68.0947909,-16.5283062,0
              -68.0947453,-16.5283164,0
              -68.0942222,-16.528067,0
              -68.0938843,-16.527941,0
              -68.0940962,-16.5276736,0
              -68.0943081,-16.5275913,0
              -68.0946219,-16.5274576,0
              -68.094646,-16.5273753,0
              -68.0945843,-16.5269382,0
              -68.0946407,-16.5267222,0
            </coordinates>
          </LinearRing>
        </outerBoundaryIs>
      </Polygon>
    </Placemark>
    <Placemark>
      <name>Territorio 31D</name>
      <styleUrl>#poly-FF5252-1200-77-nodesc</styleUrl>
      <Polygon>
        <outerBoundaryIs>
          <LinearRing>
            <tessellate>1</tessellate>
            <coordinates>
              -68.0937233,-16.5268945,0
              -68.0937287,-16.526771,0
              -68.0943295,-16.5266142,0
              -68.0945468,-16.5266656,0
              -68.0944851,-16.5269613,0
              -68.0945548,-16.527365,0
              -68.0944717,-16.5274602,0
              -68.0942088,-16.527509,0
              -68.0939755,-16.5276633,0
              -68.0938387,-16.5278433,0
              -68.0936965,-16.5278973,0
              -68.0932566,-16.5278279,0
              -68.0931601,-16.5277122,0
              -68.0930716,-16.5275682,0
              -68.0928758,-16.5275193,0
              -68.0927577,-16.5275682,0
              -68.0926022,-16.5277353,0
              -68.0924815,-16.5280002,0
              -68.0924332,-16.5283087,0
              -68.092165,-16.5282907,0
              -68.092401,-16.5274756,0
              -68.093093,-16.5270822,0
              -68.0934873,-16.5272725,0
              -68.0937877,-16.5271233,0
              -68.0937233,-16.5268945,0
            </coordinates>
          </LinearRing>
        </outerBoundaryIs>
      </Polygon>
    </Placemark>
    <Placemark>
      <name>Territorio 32A</name>
      <styleUrl>#poly-9C27B0-1200-77-nodesc</styleUrl>
      <Polygon>
        <outerBoundaryIs>
          <LinearRing>
            <tessellate>1</tessellate>
            <coordinates>
              -68.0954001,-16.527348,0
              -68.0954055,-16.5275074,0
              -68.0952445,-16.5282428,0
              -68.0947564,-16.5293691,0
              -68.0945096,-16.5291685,0
              -68.094633,-16.5290863,0
              -68.0947054,-16.5289358,0
              -68.0947269,-16.5285759,0
              -68.0948033,-16.528464,0
              -68.095089,-16.5277491,0
              -68.0953035,-16.527312,0
              -68.0954001,-16.527348,0
            </coordinates>
          </LinearRing>
        </outerBoundaryIs>
      </Polygon>
    </Placemark>
    <Placemark>
      <name>Territorio 32B</name>
      <styleUrl>#poly-9C27B0-1200-77-nodesc</styleUrl>
      <Polygon>
        <outerBoundaryIs>
          <LinearRing>
            <tessellate>1</tessellate>
            <coordinates>
              -68.0946504,-16.528745,0
              -68.0946665,-16.5289635,0
              -68.0944761,-16.5291435,0
              -68.0943768,-16.5291949,0
              -68.0941301,-16.5291564,0
              -68.0939745,-16.5292232,0
              -68.0937894,-16.5291332,0
              -68.0940442,-16.5289764,0
              -68.0942239,-16.5289275,0
              -68.0944439,-16.5288504,0
              -68.094578,-16.5287167,0
              -68.0946504,-16.528745,0
            </coordinates>
          </LinearRing>
        </outerBoundaryIs>
      </Polygon>
    </Placemark>
    <Placemark>
      <name>Territorio 32C</name>
      <styleUrl>#poly-9C27B0-1200-77-nodesc</styleUrl>
      <Polygon>
        <outerBoundaryIs>
          <LinearRing>
            <tessellate>1</tessellate>
            <coordinates>
              -68.0943446,-16.529265,0
              -68.0943715,-16.5293035,0
              -68.0942105,-16.5298718,0
              -68.0939852,-16.5300981,0
              -68.0937545,-16.5301701,0
              -68.0937599,-16.5292135,0
              -68.0940308,-16.529265,0
              -68.0941247,-16.529211,0
              -68.0943446,-16.529265,0
            </coordinates>
          </LinearRing>
        </outerBoundaryIs>
      </Polygon>
    </Placemark>
    <Placemark>
      <name>Territorio 32D</name>
      <styleUrl>#poly-9C27B0-1200-77-nodesc</styleUrl>
      <Polygon>
        <outerBoundaryIs>
          <LinearRing>
            <tessellate>1</tessellate>
            <coordinates>
              -68.0946512,-16.5283226,0
              -68.0946244,-16.5283843,0
              -68.0945064,-16.5284794,0
              -68.0942677,-16.5285437,0
              -68.0940129,-16.5285077,0
              -68.0938144,-16.5283226,0
              -68.0935971,-16.5281914,0
              -68.093404,-16.5281683,0
              -68.0931599,-16.5282326,0
              -68.0931519,-16.5278571,0
              -68.0933369,-16.5279291,0
              -68.093573,-16.5279651,0
              -68.0938251,-16.5279626,0
              -68.0946512,-16.5283226,0
            </coordinates>
          </LinearRing>
        </outerBoundaryIs>
      </Polygon>
    </Placemark>
    <Placemark>
      <name>Territorio 32E</name>
      <styleUrl>#poly-9C27B0-1200-77-nodesc</styleUrl>
      <Polygon>
        <outerBoundaryIs>
          <LinearRing>
            <tessellate>1</tessellate>
            <coordinates>
              -68.093876,-16.5284671,0
              -68.0938439,-16.5284941,0
              -68.0933906,-16.5286291,0
              -68.0932404,-16.5286882,0
              -68.0931787,-16.5286471,0
              -68.0931465,-16.5282999,0
              -68.0934549,-16.5282176,0
              -68.0936615,-16.5282819,0
              -68.093876,-16.5284671,0
            </coordinates>
          </LinearRing>
        </outerBoundaryIs>
      </Polygon>
    </Placemark>
    <Placemark>
      <name>Territorio 32F</name>
      <styleUrl>#poly-9C27B0-1200-77-nodesc</styleUrl>
      <Polygon>
        <outerBoundaryIs>
          <LinearRing>
            <tessellate>1</tessellate>
            <coordinates>
              -68.0946083,-16.5284954,0
              -68.0944313,-16.5287525,0
              -68.0942381,-16.5288399,0
              -68.0939324,-16.5289273,0
              -68.0937285,-16.5290611,0
              -68.0932725,-16.5287988,0
              -68.093412,-16.5287011,0
              -68.0936749,-16.5286085,0
              -68.0940128,-16.5285725,0
              -68.0943883,-16.5285931,0
              -68.0946083,-16.5284954,0
            </coordinates>
          </LinearRing>
        </outerBoundaryIs>
      </Polygon>
    </Placemark>
    <Placemark>
      <name>Territorio 32G</name>
      <styleUrl>#poly-9C27B0-1200-77-nodesc</styleUrl>
      <Polygon>
        <outerBoundaryIs>
          <LinearRing>
            <tessellate>1</tessellate>
            <coordinates>
              -68.0932469,-16.5288451,0
              -68.0936867,-16.5291073,0
              -68.0936385,-16.5300587,0
              -68.0933863,-16.5301359,0
              -68.0931986,-16.530069,0
              -68.0931235,-16.5299096,0
              -68.0931932,-16.5289119,0
              -68.0932469,-16.5288451,0
            </coordinates>
          </LinearRing>
        </outerBoundaryIs>
      </Polygon>
    </Placemark>
    <Placemark>
      <name>Territorio 32H</name>
      <styleUrl>#poly-9C27B0-1200-77-nodesc</styleUrl>
      <Polygon>
        <outerBoundaryIs>
          <LinearRing>
            <tessellate>1</tessellate>
            <coordinates>
              -68.0931114,-16.5278346,0
              -68.0931274,-16.5282409,0
              -68.0930577,-16.5283695,0
              -68.0931167,-16.5287758,0
              -68.0930953,-16.5294392,0
              -68.0930363,-16.5295883,0
              -68.0930631,-16.5299689,0
              -68.0931543,-16.530118,0
              -68.0932937,-16.5301746,0
              -68.0935244,-16.5301694,0
              -68.0936639,-16.5301283,0
              -68.0937283,-16.5305448,0
              -68.0936035,-16.5309884,0
              -68.0935666,-16.5310006,0
              -68.0934171,-16.5309614,0
              -68.093106,-16.5306631,0
              -68.0929826,-16.5305911,0
              -68.0928094,-16.5305622,0
              -68.0926388,-16.5304998,0
              -68.0926232,-16.5301103,0
              -68.0925722,-16.5300653,0
              -68.0925896,-16.5299135,0
              -68.0927734,-16.5293877,0
              -68.0928914,-16.5287706,0
              -68.0927519,-16.5283798,0
              -68.0925159,-16.5281535,0
              -68.0926178,-16.5278758,0
              -68.0927466,-16.5276701,0
              -68.0929451,-16.5275981,0
              -68.093047,-16.5276546,0
              -68.0931114,-16.5278346,0
            </coordinates>
          </LinearRing>
        </outerBoundaryIs>
      </Polygon>
    </Placemark>
    <Placemark>
      <name>Territorio 34A</name>
      <styleUrl>#poly-0288D1-1200-77-nodesc</styleUrl>
      <Polygon>
        <outerBoundaryIs>
          <LinearRing>
            <tessellate>1</tessellate>
            <coordinates>
              -68.0924152,-16.5304999,0
              -68.0925547,-16.5305025,0
              -68.0925574,-16.5305462,0
              -68.0925439,-16.5311016,0
              -68.0923937,-16.5311376,0
              -68.0923052,-16.5309345,0
              -68.0924152,-16.5304999,0
            </coordinates>
          </LinearRing>
        </outerBoundaryIs>
      </Polygon>
    </Placemark>
    <Placemark>
      <name>Territorio 34B</name>
      <styleUrl>#poly-0288D1-1200-77-nodesc</styleUrl>
      <Polygon>
        <outerBoundaryIs>
          <LinearRing>
            <tessellate>1</tessellate>
            <coordinates>
              -68.0929597,-16.5306259,0
              -68.0929704,-16.5306953,0
              -68.0925627,-16.5312764,0
              -68.0926378,-16.5305436,0
              -68.0929597,-16.5306259,0
            </coordinates>
          </LinearRing>
        </outerBoundaryIs>
      </Polygon>
    </Placemark>
    <Placemark>
      <name>Territorio 34C</name>
      <styleUrl>#poly-0288D1-1200-77-nodesc</styleUrl>
      <Polygon>
        <outerBoundaryIs>
          <LinearRing>
            <tessellate>1</tessellate>
            <coordinates>
              -68.0930424,-16.5306946,0
              -68.0934072,-16.5310186,0
              -68.0936271,-16.5310854,0
              -68.0936352,-16.5313168,0
              -68.0935735,-16.5315174,0
              -68.0929807,-16.5313091,0
              -68.0929512,-16.5313503,0
              -68.0932865,-16.5314814,0
              -68.0932946,-16.5315405,0
              -68.0927098,-16.5320291,0
              -68.0924523,-16.5316408,0
              -68.0925838,-16.53143,0
              -68.0926562,-16.531232,0
              -68.0930424,-16.5306946,0
            </coordinates>
          </LinearRing>
        </outerBoundaryIs>
      </Polygon>
    </Placemark>
    <Placemark>
      <name>Territorio 34D</name>
      <styleUrl>#poly-0288D1-1200-77-nodesc</styleUrl>
      <Polygon>
        <outerBoundaryIs>
          <LinearRing>
            <tessellate>1</tessellate>
            <coordinates>
              -68.0935674,-16.5316251,0
              -68.0935942,-16.5316971,0
              -68.0934748,-16.5320353,0
              -68.0933313,-16.5323657,0
              -68.0932871,-16.5323901,0
              -68.0932428,-16.5323785,0
              -68.09287,-16.5319748,0
              -68.0934145,-16.531548,0
              -68.0935674,-16.5316251,0
            </coordinates>
          </LinearRing>
        </outerBoundaryIs>
      </Polygon>
    </Placemark>
    <Placemark>
      <name>Territorio 50A</name>
      <styleUrl>#poly-FF5252-1200-77-nodesc</styleUrl>
      <Polygon>
        <outerBoundaryIs>
          <LinearRing>
            <tessellate>1</tessellate>
            <coordinates>
              -68.0809691,-16.5301336,0
              -68.0809691,-16.5301516,0
              -68.0807412,-16.5310362,0
              -68.0807277,-16.5311647,0
              -68.0807707,-16.5313113,0
              -68.0807438,-16.531337,0
              -68.0806553,-16.5312959,0
              -68.0805963,-16.5311956,0
              -68.0805856,-16.5310182,0
              -68.0806996,-16.5303984,0
              -68.0802315,-16.5302828,0
              -68.0801055,-16.5300873,0
              -68.0801135,-16.5300539,0
              -68.0806902,-16.5301902,0
              -68.080776,-16.5300822,0
              -68.0809691,-16.5301336,0
            </coordinates>
          </LinearRing>
        </outerBoundaryIs>
      </Polygon>
    </Placemark>
    <Placemark>
      <name>Territorio 50B</name>
      <styleUrl>#poly-FF5252-1200-77-nodesc</styleUrl>
      <Polygon>
        <outerBoundaryIs>
          <LinearRing>
            <tessellate>1</tessellate>
            <coordinates>
              -68.0810509,-16.5301472,0
              -68.0812977,-16.5301935,0
              -68.0813406,-16.5302964,0
              -68.0812279,-16.5309058,0
              -68.0810348,-16.5311784,0
              -68.0809892,-16.5314741,0
              -68.0809034,-16.5315589,0
              -68.0808283,-16.5315461,0
              -68.0808336,-16.5313223,0
              -68.0808283,-16.5310729,0
              -68.0810509,-16.5301472,0
            </coordinates>
          </LinearRing>
        </outerBoundaryIs>
      </Polygon>
    </Placemark>
    <Placemark>
      <name>Territorio 50C</name>
      <styleUrl>#poly-FF5252-1200-77-nodesc</styleUrl>
      <Polygon>
        <outerBoundaryIs>
          <LinearRing>
            <tessellate>1</tessellate>
            <coordinates>
              -68.0813256,-16.5296957,0
              -68.08128,-16.5301148,0
              -68.080891,-16.5300197,0
              -68.081001,-16.5296263,0
              -68.0813256,-16.5296957,0
            </coordinates>
          </LinearRing>
        </outerBoundaryIs>
      </Polygon>
    </Placemark>
    <Placemark>
      <name>Territorio 50D</name>
      <styleUrl>#poly-FF5252-1200-77-nodesc</styleUrl>
      <Polygon>
        <outerBoundaryIs>
          <LinearRing>
            <tessellate>1</tessellate>
            <coordinates>
              -68.0813363,-16.5287855,0
              -68.0813202,-16.5295877,0
              -68.0812853,-16.5296237,0
              -68.0810091,-16.5295594,0
              -68.0811914,-16.528752,0
              -68.0813363,-16.5287855,0
            </coordinates>
          </LinearRing>
        </outerBoundaryIs>
      </Polygon>
    </Placemark>
    <Placemark>
      <name>Territorio 50E</name>
      <styleUrl>#poly-FF5252-1200-77-nodesc</styleUrl>
      <Polygon>
        <outerBoundaryIs>
          <LinearRing>
            <tessellate>1</tessellate>
            <coordinates>
              -68.0812548,-16.5281689,0
              -68.0813004,-16.5285482,0
              -68.0812628,-16.5285752,0
              -68.0793665,-16.5281857,0
              -68.0794403,-16.5278372,0
              -68.0812548,-16.5281689,0
            </coordinates>
          </LinearRing>
        </outerBoundaryIs>
      </Polygon>
    </Placemark>
    <Placemark>
      <name>Territorio 50F</name>
      <styleUrl>#poly-FF5252-1200-77-nodesc</styleUrl>
      <Polygon>
        <outerBoundaryIs>
          <LinearRing>
            <tessellate>1</tessellate>
            <coordinates>
              -68.0811018,-16.5276692,0
              -68.0812306,-16.5280524,0
              -68.0812145,-16.5280909,0
              -68.0794549,-16.5277515,0
              -68.0795327,-16.5273838,0
              -68.0811018,-16.5276692,0
            </coordinates>
          </LinearRing>
        </outerBoundaryIs>
      </Polygon>
    </Placemark>
    <Placemark>
      <name>Territorio 50G</name>
      <styleUrl>#poly-FF5252-1200-77-nodesc</styleUrl>
      <Polygon>
        <outerBoundaryIs>
          <LinearRing>
            <tessellate>1</tessellate>
            <coordinates>
              -68.0798594,-16.5266966,0
              -68.0798138,-16.527036,0
              -68.0812032,-16.5272957,0
              -68.0811442,-16.5275194,0
              -68.0796046,-16.527234,0
              -68.0795751,-16.5271954,0
              -68.0796771,-16.5266606,0
              -68.0798594,-16.5266966,0
            </coordinates>
          </LinearRing>
        </outerBoundaryIs>
      </Polygon>
    </Placemark>
    <Placemark>
      <name>Territorio 50H</name>
      <styleUrl>#poly-FF5252-1200-77-nodesc</styleUrl>
      <Polygon>
        <outerBoundaryIs>
          <LinearRing>
            <tessellate>1</tessellate>
            <coordinates>
              -68.0793633,-16.5276837,0
              -68.0791756,-16.5276477,0
              -68.0792614,-16.52737,0
              -68.0791917,-16.5270665,0
              -68.0797227,-16.5251174,0
              -68.0798247,-16.5243306,0
              -68.0795993,-16.5233123,0
              -68.0796262,-16.5230963,0
              -68.0796905,-16.523122,0
              -68.0798193,-16.5233843,0
              -68.0799158,-16.523878,0
              -68.0799695,-16.5242586,0
              -68.0799588,-16.5248294,0
              -68.0798622,-16.5253231,0
              -68.0793633,-16.5276837,0
            </coordinates>
          </LinearRing>
        </outerBoundaryIs>
      </Polygon>
    </Placemark>
    <Placemark>
      <name>Territorio 50I</name>
      <styleUrl>#poly-FF5252-1200-77-nodesc</styleUrl>
      <Polygon>
        <outerBoundaryIs>
          <LinearRing>
            <tessellate>1</tessellate>
            <coordinates>
              -68.0794777,-16.5292007,0
              -68.0797673,-16.5296198,0
              -68.0793382,-16.5297252,0
              -68.0791397,-16.529283,0
              -68.0794777,-16.5292007,0
            </coordinates>
          </LinearRing>
        </outerBoundaryIs>
      </Polygon>
    </Placemark>
    <Placemark>
      <name>Territorio 51A</name>
      <styleUrl>#poly-9C27B0-1200-77-nodesc</styleUrl>
      <Polygon>
        <outerBoundaryIs>
          <LinearRing>
            <tessellate>1</tessellate>
            <coordinates>
              -68.0801713,-16.5239313,0
              -68.0801015,-16.5239313,0
              -68.080123,-16.5235456,0
              -68.079962,-16.523201,0
              -68.079962,-16.5225427,0
              -68.0802464,-16.5218844,0
              -68.0805897,-16.5211747,0
              -68.0807077,-16.5212325,0
              -68.0805951,-16.521356,0
              -68.0805093,-16.521536,0
              -68.0803886,-16.5219269,0
              -68.0802692,-16.5223068,0
              -68.0802142,-16.5226867,0
              -68.0802195,-16.5235404,0
              -68.0801713,-16.5239313,0
            </coordinates>
          </LinearRing>
        </outerBoundaryIs>
      </Polygon>
    </Placemark>
    <Placemark>
      <name>Territorio 51B</name>
      <styleUrl>#poly-9C27B0-1200-77-nodesc</styleUrl>
      <Polygon>
        <outerBoundaryIs>
          <LinearRing>
            <tessellate>1</tessellate>
            <coordinates>
              -68.0813412,-16.5189902,0
              -68.0811517,-16.519304,0
              -68.0811382,-16.5194994,0
              -68.081183,-16.5199057,0
              -68.0811696,-16.5201063,0
              -68.0810542,-16.5204123,0
              -68.0809496,-16.5205846,0
              -68.0807699,-16.5208289,0
              -68.0807109,-16.5210166,0
              -68.0805741,-16.5209574,0
              -68.0807404,-16.520708,0
              -68.0809442,-16.5203994,0
              -68.0809872,-16.5199726,0
              -68.0809603,-16.5198183,0
              -68.0808852,-16.5196228,0
              -68.0810033,-16.5192371,0
              -68.0812393,-16.5189491,0
              -68.0813412,-16.5189902,0
            </coordinates>
          </LinearRing>
        </outerBoundaryIs>
      </Polygon>
    </Placemark>
    <Placemark>
      <name>Territorio 51C</name>
      <styleUrl>#poly-9C27B0-1200-77-nodesc</styleUrl>
      <Polygon>
        <outerBoundaryIs>
          <LinearRing>
            <tessellate>1</tessellate>
            <coordinates>
              -68.0812831,-16.5205229,0
              -68.0812294,-16.5217726,0
              -68.0811302,-16.5217855,0
              -68.0809344,-16.5217983,0
              -68.0807896,-16.521806,0
              -68.0806045,-16.5218498,0
              -68.0805267,-16.5218986,0
              -68.0804838,-16.521878,0
              -68.0805696,-16.5216235,0
              -68.0806635,-16.5213303,0
              -68.0807279,-16.5212712,0
              -68.0807466,-16.5210783,0
              -68.0808539,-16.5208134,0
              -68.0810792,-16.5205074,0
              -68.0812831,-16.5205229,0
            </coordinates>
          </LinearRing>
        </outerBoundaryIs>
      </Polygon>
    </Placemark>
    <Placemark>
      <name>Territorio 51D</name>
      <styleUrl>#poly-9C27B0-1200-77-nodesc</styleUrl>
      <Polygon>
        <outerBoundaryIs>
          <LinearRing>
            <tessellate>1</tessellate>
            <coordinates>
              -68.0823533,-16.5214306,0
              -68.0823774,-16.5214743,0
              -68.0822433,-16.5218472,0
              -68.0813287,-16.521806,0
              -68.0812965,-16.5217726,0
              -68.0813153,-16.52141,0
              -68.0813609,-16.5213817,0
              -68.0823533,-16.5214306,0
            </coordinates>
          </LinearRing>
        </outerBoundaryIs>
      </Polygon>
    </Placemark>
    <Placemark>
      <name>Territorio 51E</name>
      <styleUrl>#poly-9C27B0-1200-77-nodesc</styleUrl>
      <Polygon>
        <outerBoundaryIs>
          <LinearRing>
            <tessellate>1</tessellate>
            <coordinates>
              -68.0825008,-16.5210109,0
              -68.0825223,-16.5210417,0
              -68.0824096,-16.5213683,0
              -68.0813555,-16.5213246,0
              -68.0813126,-16.5212963,0
              -68.0813314,-16.5209723,0
              -68.081377,-16.5209491,0
              -68.0825008,-16.5210109,0
            </coordinates>
          </LinearRing>
        </outerBoundaryIs>
      </Polygon>
    </Placemark>
    <Placemark>
      <name>Territorio 51F</name>
      <styleUrl>#poly-9C27B0-1200-77-nodesc</styleUrl>
      <Polygon>
        <outerBoundaryIs>
          <LinearRing>
            <tessellate>1</tessellate>
            <coordinates>
              -68.0827133,-16.5205778,0
              -68.0827214,-16.5206086,0
              -68.0825551,-16.5209249,0
              -68.0813427,-16.5208838,0
              -68.0813668,-16.5205418,0
              -68.0814071,-16.5205186,0
              -68.0827133,-16.5205778,0
            </coordinates>
          </LinearRing>
        </outerBoundaryIs>
      </Polygon>
    </Placemark>
    <Placemark>
      <name>Territorio 51G</name>
      <styleUrl>#poly-9C27B0-1200-77-nodesc</styleUrl>
      <Polygon>
        <outerBoundaryIs>
          <LinearRing>
            <tessellate>1</tessellate>
            <coordinates>
              -68.0822386,-16.5201098,0
              -68.0822251,-16.5204672,0
              -68.082201,-16.5204826,0
              -68.0811603,-16.5204209,0
              -68.0811389,-16.5203849,0
              -68.0812327,-16.5202306,0
              -68.0812622,-16.5200969,0
              -68.0813051,-16.5200506,0
              -68.0822386,-16.5201098,0
            </coordinates>
          </LinearRing>
        </outerBoundaryIs>
      </Polygon>
    </Placemark>
    <Placemark>
      <name>Territorio 51H</name>
      <styleUrl>#poly-9C27B0-1200-77-nodesc</styleUrl>
      <Polygon>
        <outerBoundaryIs>
          <LinearRing>
            <tessellate>1</tessellate>
            <coordinates>
              -68.0812944,-16.5196315,0
              -68.0822547,-16.5196675,0
              -68.0822386,-16.5200429,0
              -68.0812569,-16.5199889,0
              -68.0812944,-16.5196315,0
            </coordinates>
          </LinearRing>
        </outerBoundaryIs>
      </Polygon>
    </Placemark>
    <Placemark>
      <name>Territorio 51I</name>
      <styleUrl>#poly-9C27B0-1200-77-nodesc</styleUrl>
      <Polygon>
        <outerBoundaryIs>
          <LinearRing>
            <tessellate>1</tessellate>
            <coordinates>
              -68.0831398,-16.5201535,0
              -68.0831612,-16.5201869,0
              -68.0828179,-16.5205058,0
              -68.0823458,-16.52048,0
              -68.0823056,-16.5204492,0
              -68.0823324,-16.5201432,0
              -68.0823727,-16.5201175,0
              -68.0831398,-16.5201535,0
            </coordinates>
          </LinearRing>
        </outerBoundaryIs>
      </Polygon>
    </Placemark>
    <Placemark>
      <name>Territorio 51J</name>
      <styleUrl>#poly-9C27B0-1200-77-nodesc</styleUrl>
      <Polygon>
        <outerBoundaryIs>
          <LinearRing>
            <tessellate>1</tessellate>
            <coordinates>
              -68.0834938,-16.5197343,0
              -68.0834912,-16.5198166,0
              -68.0834053,-16.5199349,0
              -68.0832337,-16.5200943,0
              -68.0823432,-16.5200429,0
              -68.0823646,-16.5196855,0
              -68.0834938,-16.5197343,0
            </coordinates>
          </LinearRing>
        </outerBoundaryIs>
      </Polygon>
    </Placemark>
    <Placemark>
      <name>Territorio 51K</name>
      <styleUrl>#poly-9C27B0-1200-77-nodesc</styleUrl>
      <Polygon>
        <outerBoundaryIs>
          <LinearRing>
            <tessellate>1</tessellate>
            <coordinates>
              -68.0839793,-16.5197549,0
              -68.0839766,-16.5199812,0
              -68.0838774,-16.5201483,0
              -68.0831881,-16.5207989,0
              -68.0829252,-16.5205392,0
              -68.0835367,-16.5199452,0
              -68.0835984,-16.5198243,0
              -68.0836118,-16.5197369,0
              -68.0839793,-16.5197549,0
            </coordinates>
          </LinearRing>
        </outerBoundaryIs>
      </Polygon>
    </Placemark>
    <Placemark>
      <name>Territorio 51L</name>
      <styleUrl>#poly-9C27B0-1200-77-nodesc</styleUrl>
      <Polygon>
        <outerBoundaryIs>
          <LinearRing>
            <tessellate>1</tessellate>
            <coordinates>
              -68.0828662,-16.5206163,0
              -68.0831237,-16.5208555,0
              -68.0831344,-16.5208966,0
              -68.0829144,-16.5213775,0
              -68.0827414,-16.5218738,0
              -68.0827079,-16.5218969,0
              -68.0823941,-16.5218738,0
              -68.0823512,-16.5218404,0
              -68.082608,-16.5210419,0
              -68.08272,-16.5207963,0
              -68.0828313,-16.5206215,0
              -68.0828662,-16.5206163,0
            </coordinates>
          </LinearRing>
        </outerBoundaryIs>
      </Polygon>
    </Placemark>
    <Placemark>
      <name>Territorio 51M</name>
      <styleUrl>#poly-9C27B0-1200-77-nodesc</styleUrl>
      <Polygon>
        <outerBoundaryIs>
          <LinearRing>
            <tessellate>1</tessellate>
            <coordinates>
              -68.0843808,-16.5197212,0
              -68.0844022,-16.5199012,0
              -68.0842252,-16.5199167,0
              -68.0840536,-16.520395,0
              -68.0843164,-16.5205698,0
              -68.0840589,-16.5209298,0
              -68.0839248,-16.5209144,0
              -68.0836405,-16.5207601,0
              -68.0833991,-16.5210533,0
              -68.0831792,-16.521583,0
              -68.0829861,-16.5214955,0
              -68.083265,-16.5208938,0
              -68.0838068,-16.5203795,0
              -68.0839999,-16.5201687,0
              -68.0840696,-16.5199527,0
              -68.084075,-16.5197367,0
              -68.0843808,-16.5197212,0
            </coordinates>
          </LinearRing>
        </outerBoundaryIs>
      </Polygon>
    </Placemark>
    <Placemark>
      <name>Territorio 51N</name>
      <styleUrl>#poly-9C27B0-1200-77-nodesc</styleUrl>
      <Polygon>
        <outerBoundaryIs>
          <LinearRing>
            <tessellate>1</tessellate>
            <coordinates>
              -68.0831391,-16.521654,0
              -68.0831391,-16.5225592,0
              -68.0832733,-16.5231403,0
              -68.0832142,-16.5242255,0
              -68.0830962,-16.5245289,0
              -68.0828226,-16.5244672,0
              -68.0828173,-16.524174,0
              -68.082887,-16.5239272,0
              -68.0829192,-16.5234746,0
              -68.0828977,-16.5230786,0
              -68.0827905,-16.5226877,0
              -68.0827529,-16.5220552,0
              -68.0828602,-16.5219163,0
              -68.0829675,-16.5216026,0
              -68.0831391,-16.521654,0
            </coordinates>
          </LinearRing>
        </outerBoundaryIs>
      </Polygon>
    </Placemark>
    <Placemark>
      <name>Territorio 52A</name>
      <styleUrl>#poly-817717-1200-77-nodesc</styleUrl>
      <Polygon>
        <outerBoundaryIs>
          <LinearRing>
            <tessellate>1</tessellate>
            <coordinates>
              -68.0818784,-16.5183337,0
              -68.0817926,-16.5195732,0
              -68.0812776,-16.5195449,0
              -68.0812857,-16.5192414,0
              -68.0814412,-16.519028,0
              -68.0815619,-16.5188454,0
              -68.0817041,-16.5183157,0
              -68.0818784,-16.5183337,0
            </coordinates>
          </LinearRing>
        </outerBoundaryIs>
      </Polygon>
    </Placemark>
    <Placemark>
      <name>Territorio 52B</name>
      <styleUrl>#poly-817717-1200-77-nodesc</styleUrl>
      <Polygon>
        <outerBoundaryIs>
          <LinearRing>
            <tessellate>1</tessellate>
            <coordinates>
              -68.0823371,-16.5183612,0
              -68.0822647,-16.5195904,0
              -68.0818731,-16.519575,0
              -68.0819428,-16.5183406,0
              -68.0823371,-16.5183612,0
            </coordinates>
          </LinearRing>
        </outerBoundaryIs>
      </Polygon>
    </Placemark>
    <Placemark>
      <name>Territorio 52C</name>
      <styleUrl>#poly-817717-1200-77-nodesc</styleUrl>
      <Polygon>
        <outerBoundaryIs>
          <LinearRing>
            <tessellate>1</tessellate>
            <coordinates>
              -68.0835495,-16.5192998,0
              -68.0835039,-16.5196521,0
              -68.0823425,-16.5196007,0
              -68.0823747,-16.5192304,0
              -68.0835495,-16.5192998,0
            </coordinates>
          </LinearRing>
        </outerBoundaryIs>
      </Polygon>
    </Placemark>
    <Placemark>
      <name>Territorio 52D</name>
      <styleUrl>#poly-817717-1200-77-nodesc</styleUrl>
      <Polygon>
        <outerBoundaryIs>
          <LinearRing>
            <tessellate>1</tessellate>
            <coordinates>
              -68.0835977,-16.5188549,0
              -68.0835602,-16.5192124,0
              -68.0823881,-16.5191532,0
              -68.0824042,-16.5187984,0
              -68.0835977,-16.5188549,0
            </coordinates>
          </LinearRing>
        </outerBoundaryIs>
      </Polygon>
    </Placemark>
    <Placemark>
      <name>Territorio 52E</name>
      <styleUrl>#poly-817717-1200-77-nodesc</styleUrl>
      <Polygon>
        <outerBoundaryIs>
          <LinearRing>
            <tessellate>1</tessellate>
            <coordinates>
              -68.0836353,-16.5184283,0
              -68.0836031,-16.5187806,0
              -68.0824122,-16.5187292,0
              -68.082439,-16.5183615,0
              -68.0836353,-16.5184283,0
            </coordinates>
          </LinearRing>
        </outerBoundaryIs>
      </Polygon>
    </Placemark>
    <Placemark>
      <name>Territorio 52F</name>
      <styleUrl>#poly-817717-1200-77-nodesc</styleUrl>
      <Polygon>
        <outerBoundaryIs>
          <LinearRing>
            <tessellate>1</tessellate>
            <coordinates>
              -68.0841262,-16.518458,0
              -68.0839975,-16.5196718,0
              -68.0836193,-16.5196615,0
              -68.08374,-16.5184323,0
              -68.0841262,-16.518458,0
            </coordinates>
          </LinearRing>
        </outerBoundaryIs>
      </Polygon>
    </Placemark>
    <Placemark>
      <name>Territorio 52G</name>
      <styleUrl>#poly-817717-1200-77-nodesc</styleUrl>
      <Polygon>
        <outerBoundaryIs>
          <LinearRing>
            <tessellate>1</tessellate>
            <coordinates>
              -68.0823754,-16.5175614,0
              -68.0823365,-16.5182699,0
              -68.0819369,-16.5182545,0
              -68.0819798,-16.5177505,0
              -68.0823754,-16.5175614,0
            </coordinates>
          </LinearRing>
        </outerBoundaryIs>
      </Polygon>
    </Placemark>
    <Placemark>
      <name>Territorio 52H</name>
      <styleUrl>#poly-817717-1200-77-nodesc</styleUrl>
      <Polygon>
        <outerBoundaryIs>
          <LinearRing>
            <tessellate>1</tessellate>
            <coordinates>
              -68.0837341,-16.5179769,0
              -68.0836563,-16.5183472,0
              -68.0824171,-16.5182752,0
              -68.0824439,-16.5179126,0
              -68.0837341,-16.5179769,0
            </coordinates>
          </LinearRing>
        </outerBoundaryIs>
      </Polygon>
    </Placemark>
    <Placemark>
      <name>Territorio 52I</name>
      <styleUrl>#poly-817717-1200-77-nodesc</styleUrl>
      <Polygon>
        <outerBoundaryIs>
          <LinearRing>
            <tessellate>1</tessellate>
            <coordinates>
              -68.0838291,-16.5175638,0
              -68.0837487,-16.517911,0
              -68.0824424,-16.5178415,0
              -68.0824746,-16.5174815,0
              -68.0838291,-16.5175638,0
            </coordinates>
          </LinearRing>
        </outerBoundaryIs>
      </Polygon>
    </Placemark>
    <Placemark>
      <name>Territorio 52J</name>
      <styleUrl>#poly-817717-1200-77-nodesc</styleUrl>
      <Polygon>
        <outerBoundaryIs>
          <LinearRing>
            <tessellate>1</tessellate>
            <coordinates>
              -68.0844863,-16.5167332,0
              -68.0841456,-16.5183661,0
              -68.0837514,-16.5183404,0
              -68.0841161,-16.5166998,0
              -68.0844863,-16.5167332,0
            </coordinates>
          </LinearRing>
        </outerBoundaryIs>
      </Polygon>
    </Placemark>
    <Placemark>
      <name>Territorio 52K</name>
      <styleUrl>#poly-817717-1200-77-nodesc</styleUrl>
      <Polygon>
        <outerBoundaryIs>
          <LinearRing>
            <tessellate>1</tessellate>
            <coordinates>
              -68.083915,-16.5171344,0
              -68.0838372,-16.5174867,0
              -68.0826221,-16.5174198,0
              -68.0826007,-16.5173889,0
              -68.0827589,-16.5172372,0
              -68.0828206,-16.5170726,0
              -68.083915,-16.5171344,0
            </coordinates>
          </LinearRing>
        </outerBoundaryIs>
      </Polygon>
    </Placemark>
    <Placemark>
      <name>Territorio 52L</name>
      <styleUrl>#poly-817717-1200-77-nodesc</styleUrl>
      <Polygon>
        <outerBoundaryIs>
          <LinearRing>
            <tessellate>1</tessellate>
            <coordinates>
              -68.0840136,-16.5167036,0
              -68.0839143,-16.5170687,0
              -68.0828334,-16.5169916,0
              -68.0829246,-16.5166419,0
              -68.0840136,-16.5167036,0
            </coordinates>
          </LinearRing>
        </outerBoundaryIs>
      </Polygon>
    </Placemark>
    <Placemark>
      <name>Territorio 52M</name>
      <styleUrl>#poly-817717-1200-77-nodesc</styleUrl>
      <Polygon>
        <outerBoundaryIs>
          <LinearRing>
            <tessellate>1</tessellate>
            <coordinates>
              -68.0845937,-16.5154636,0
              -68.0845883,-16.5162196,0
              -68.0845132,-16.5166285,0
              -68.0838051,-16.5165925,0
              -68.0840304,-16.5154996,0
              -68.0845937,-16.5154636,0
            </coordinates>
          </LinearRing>
        </outerBoundaryIs>
      </Polygon>
    </Placemark>
    <Placemark>
      <name>Territorio 52N</name>
      <styleUrl>#poly-817717-1200-77-nodesc</styleUrl>
      <Polygon>
        <outerBoundaryIs>
          <LinearRing>
            <tessellate>1</tessellate>
            <coordinates>
              -68.0817309,-16.5180546,0
              -68.0813957,-16.5177717,0
              -68.082431,-16.5169823,0
              -68.0825892,-16.5162751,0
              -68.0830211,-16.5156014,0
              -68.0830989,-16.5154908,0
              -68.0833027,-16.5154934,0
              -68.0829701,-16.5164577,0
              -68.0828682,-16.5166248,0
              -68.0827287,-16.5169951,0
              -68.0826643,-16.51717,0
              -68.0824444,-16.5173757,0
              -68.0819401,-16.5177074,0
              -68.0817309,-16.5180546,0
            </coordinates>
          </LinearRing>
        </outerBoundaryIs>
      </Polygon>
    </Placemark>
    <Placemark>
      <name>Territorio 52O</name>
      <styleUrl>#poly-817717-1200-77-nodesc</styleUrl>
      <Polygon>
        <outerBoundaryIs>
          <LinearRing>
            <tessellate>1</tessellate>
            <coordinates>
              -68.084485,-16.5196834,0
              -68.0840974,-16.5196628,0
              -68.0842208,-16.5184285,0
              -68.0846017,-16.5166747,0
              -68.0846875,-16.5163662,0
              -68.084666,-16.5154918,0
              -68.0850952,-16.5154918,0
              -68.0850523,-16.5165513,0
              -68.0845266,-16.5184748,0
              -68.084485,-16.5196834,0
            </coordinates>
          </LinearRing>
        </outerBoundaryIs>
      </Polygon>
    </Placemark>
    <Placemark>
      <name>TERRITORIO #40</name>
      <styleUrl>#poly-4E342E-1200-77-nodesc</styleUrl>
      <Polygon>
        <outerBoundaryIs>
          <LinearRing>
            <tessellate>1</tessellate>
            <coordinates>
              -68.0962346,-16.5274533,0
              -68.095918,-16.5277902,0
              -68.0958396,-16.5279014,0
              -68.0958523,-16.5281695,0
              -68.0958765,-16.5290232,0
              -68.0959208,-16.5294828,0
              -68.0959563,-16.5297113,0
              -68.0960013,-16.5299411,0
              -68.0961782,-16.5304811,0
              -68.0962105,-16.5307974,0
              -68.0961481,-16.5309099,0
              -68.0960804,-16.5309761,0
              -68.0959918,-16.5309825,0
              -68.0958577,-16.5309453,0
              -68.0957021,-16.5309735,0
              -68.0956431,-16.5309658,0
              -68.0951764,-16.5306136,0
              -68.0949967,-16.5303205,0
              -68.0948304,-16.5299887,0
              -68.0948171,-16.5294873,0
              -68.0949136,-16.5292765,0
              -68.095273,-16.5283739,0
              -68.0953924,-16.5280088,0
              -68.0954634,-16.5276308,0
              -68.095497,-16.5274637,0
              -68.0955875,-16.5273338,0
              -68.0957075,-16.5272271,0
              -68.0958765,-16.5270857,0
              -68.0959663,-16.5270895,0
              -68.0962399,-16.5274103,0
              -68.0962346,-16.5274533,0
            </coordinates>
          </LinearRing>
        </outerBoundaryIs>
      </Polygon>
    </Placemark>
    <Placemark>
      <name>Territorio 40B</name>
      <styleUrl>#poly-4E342E-1200-77-nodesc</styleUrl>
      <Polygon>
        <outerBoundaryIs>
          <LinearRing>
            <tessellate>1</tessellate>
            <coordinates>
              -68.0959869,-16.5310294,0
              -68.0958206,-16.5310885,0
              -68.0956677,-16.5312454,0
              -68.0955685,-16.5312454,0
              -68.0949194,-16.5307697,0
              -68.0947477,-16.5301243,0
              -68.0948067,-16.5301089,0
              -68.0950991,-16.5306206,0
              -68.0956114,-16.531014,0
              -68.0957026,-16.5310166,0
              -68.0958233,-16.5309754,0
              -68.0959869,-16.5310294,0
            </coordinates>
          </LinearRing>
        </outerBoundaryIs>
      </Polygon>
    </Placemark>
    <Placemark>
      <name>Territorio 40C</name>
      <styleUrl>#poly-4E342E-1200-77-nodesc</styleUrl>
      <Polygon>
        <outerBoundaryIs>
          <LinearRing>
            <tessellate>1</tessellate>
            <coordinates>
              -68.0966011,-16.5310243,0
              -68.0967715,-16.5315309,0
              -68.0967537,-16.5315527,0
              -68.0963738,-16.5316208,0
              -68.0963302,-16.5316157,0
              -68.0961438,-16.5314434,0
              -68.0959601,-16.5313405,0
              -68.0957898,-16.5313122,0
              -68.095765,-16.5312749,0
              -68.0957697,-16.5312274,0
              -68.095834,-16.531158,0
              -68.0959386,-16.5310808,0
              -68.0961371,-16.5311259,0
              -68.096231,-16.5309523,0
              -68.0962793,-16.530942,0
              -68.0966011,-16.5310243,0
            </coordinates>
          </LinearRing>
        </outerBoundaryIs>
      </Polygon>
    </Placemark>
    <Placemark>
      <name>Territorio 41A</name>
      <styleUrl>#poly-880E4F-1200-77-nodesc</styleUrl>
      <Polygon>
        <outerBoundaryIs>
          <LinearRing>
            <tessellate>1</tessellate>
            <coordinates>
              -68.0971738,-16.5284387,0
              -68.0973964,-16.5286779,0
              -68.0974232,-16.5287756,0
              -68.0974152,-16.5288887,0
              -68.0970826,-16.5295753,0
              -68.0970745,-16.5296653,0
              -68.0972006,-16.5300279,0
              -68.0972033,-16.5301744,0
              -68.0970987,-16.5303878,0
              -68.097045,-16.5304264,0
              -68.0968787,-16.5304701,0
              -68.0967527,-16.530573,0
              -68.096286,-16.5304753,0
              -68.096227,-16.5302747,0
              -68.0964818,-16.5300896,0
              -68.0967567,-16.5298414,0
              -68.0967419,-16.5297913,0
              -68.096235,-16.529241,0
              -68.0971738,-16.5284387,0
            </coordinates>
          </LinearRing>
        </outerBoundaryIs>
      </Polygon>
    </Placemark>
    <Placemark>
      <name>Territorio 41B</name>
      <styleUrl>#poly-880E4F-1200-77-nodesc</styleUrl>
      <Polygon>
        <outerBoundaryIs>
          <LinearRing>
            <tessellate>1</tessellate>
            <coordinates>
              -68.0961917,-16.5292942,0
              -68.0967255,-16.5298033,0
              -68.0967282,-16.5298444,0
              -68.0963916,-16.5301285,0
              -68.0962025,-16.5302198,0
              -68.0960174,-16.5294433,0
              -68.0961917,-16.5292942,0
            </coordinates>
          </LinearRing>
        </outerBoundaryIs>
      </Polygon>
    </Placemark>
    <Placemark>
      <name>Territorio 41C</name>
      <styleUrl>#poly-880E4F-1200-77-nodesc</styleUrl>
      <Polygon>
        <outerBoundaryIs>
          <LinearRing>
            <tessellate>1</tessellate>
            <coordinates>
              -68.0967402,-16.5305979,0
              -68.0967,-16.5309141,0
              -68.0966732,-16.5309784,0
              -68.0965927,-16.5309938,0
              -68.096523,-16.530945,0
              -68.0962682,-16.5308679,0
              -68.0962843,-16.5304976,0
              -68.0967402,-16.5305979,0
            </coordinates>
          </LinearRing>
        </outerBoundaryIs>
      </Polygon>
    </Placemark>
    <Placemark>
      <name>Territorio 41D</name>
      <styleUrl>#poly-880E4F-1200-77-nodesc</styleUrl>
      <Polygon>
        <outerBoundaryIs>
          <LinearRing>
            <tessellate>1</tessellate>
            <coordinates>
              -68.0973056,-16.5294031,0
              -68.0977052,-16.5296783,0
              -68.0978313,-16.5298711,0
              -68.0980271,-16.53001,0
              -68.0973458,-16.5303057,0
              -68.0972546,-16.5301874,0
              -68.0972788,-16.5300254,0
              -68.0971581,-16.5296808,0
              -68.0971634,-16.5296011,0
              -68.0972466,-16.5294083,0
              -68.0973056,-16.5294031,0
            </coordinates>
          </LinearRing>
        </outerBoundaryIs>
      </Polygon>
    </Placemark>
    <Placemark>
      <name>Territorio 41E</name>
      <styleUrl>#poly-880E4F-1200-77-nodesc</styleUrl>
      <Polygon>
        <outerBoundaryIs>
          <LinearRing>
            <tessellate>1</tessellate>
            <coordinates>
              -68.0974997,-16.5289132,0
              -68.0975963,-16.5289698,0
              -68.0975989,-16.5292012,0
              -68.0978511,-16.5293323,0
              -68.0978403,-16.5293812,0
              -68.0979879,-16.5294275,0
              -68.0980603,-16.5293889,0
              -68.0982453,-16.5294969,0
              -68.0983419,-16.5296435,0
              -68.0980271,-16.53001,0
              -68.0978484,-16.529862,0
              -68.0977465,-16.5297078,0
              -68.0977867,-16.5296641,0
              -68.0973388,-16.5293426,0
              -68.0973146,-16.5293015,0
              -68.0974997,-16.5289132,0
            </coordinates>
          </LinearRing>
        </outerBoundaryIs>
      </Polygon>
    </Placemark>
    <Placemark>
      <name>Territorio 43A</name>
      <styleUrl>#poly-FFEA00-1200-77-nodesc</styleUrl>
      <Polygon>
        <outerBoundaryIs>
          <LinearRing>
            <tessellate>1</tessellate>
            <coordinates>
              -68.0986164,-16.5280251,0
              -68.0988417,-16.5282257,0
              -68.0986432,-16.5287451,0
              -68.0980987,-16.5291334,0
              -68.0979056,-16.5290871,0
              -68.0977366,-16.5288326,0
              -68.0977393,-16.5286809,0
              -68.0974121,-16.5283286,0
              -68.0986164,-16.5280251,0
            </coordinates>
          </LinearRing>
        </outerBoundaryIs>
      </Polygon>
    </Placemark>
    <Placemark>
      <name>Territorio 43B</name>
      <styleUrl>#poly-FFEA00-1200-77-nodesc</styleUrl>
      <Polygon>
        <outerBoundaryIs>
          <LinearRing>
            <tessellate>1</tessellate>
            <coordinates>
              -68.0987816,-16.527067,0
              -68.0996936,-16.527427,0
              -68.0996775,-16.5276584,0
              -68.0995756,-16.5278641,0
              -68.0994897,-16.5282549,0
              -68.0996829,-16.5286252,0
              -68.099758,-16.5289081,0
              -68.099699,-16.5290932,0
              -68.0993771,-16.5294429,0
              -68.0991035,-16.5295869,0
              -68.0989158,-16.5296126,0
              -68.0984651,-16.5295715,0
              -68.0981486,-16.5292064,0
              -68.0987226,-16.5288001,0
              -68.0989265,-16.5282241,0
              -68.0986422,-16.5279412,0
              -68.0987065,-16.5272933,0
              -68.0987816,-16.527067,0
            </coordinates>
          </LinearRing>
        </outerBoundaryIs>
      </Polygon>
    </Placemark>
    <Placemark>
      <name>Territorio 43C</name>
      <styleUrl>#poly-FFEA00-1200-77-nodesc</styleUrl>
      <Polygon>
        <outerBoundaryIs>
          <LinearRing>
            <tessellate>1</tessellate>
            <coordinates>
              -68.0995997,-16.5268151,0
              -68.099542,-16.5272869,0
              -68.0988004,-16.52699,0
              -68.0988567,-16.5267817,0
              -68.0989211,-16.5264808,0
              -68.0995997,-16.5268151,0
            </coordinates>
          </LinearRing>
        </outerBoundaryIs>
      </Polygon>
    </Placemark>
    <Placemark>
      <name>Territorio 43D</name>
      <styleUrl>#poly-FFEA00-1200-77-nodesc</styleUrl>
      <Polygon>
        <outerBoundaryIs>
          <LinearRing>
            <tessellate>1</tessellate>
            <coordinates>
              -68.099068,-16.5262758,0
              -68.0993898,-16.52647,0
              -68.0995159,-16.5264751,0
              -68.0996554,-16.5265883,0
              -68.0996312,-16.5266911,0
              -68.0995897,-16.5267863,0
              -68.0989285,-16.5264713,0
              -68.0989754,-16.5263761,0
              -68.099068,-16.5262758,0
            </coordinates>
          </LinearRing>
        </outerBoundaryIs>
      </Polygon>
    </Placemark>
    <Placemark>
      <name>Territorio 43E</name>
      <styleUrl>#poly-FFEA00-1200-77-nodesc</styleUrl>
      <Polygon>
        <outerBoundaryIs>
          <LinearRing>
            <tessellate>1</tessellate>
            <coordinates>
              -68.0992929,-16.5261053,0
              -68.0994404,-16.5260076,0
              -68.0997596,-16.525519,0
              -68.0998428,-16.5254727,0
              -68.1000815,-16.5255627,0
              -68.1001271,-16.5256964,0
              -68.1000305,-16.5260204,0
              -68.0997677,-16.5264421,0
              -68.0996926,-16.5265938,0
              -68.0995155,-16.5264473,0
              -68.099478,-16.5263316,0
              -68.0992929,-16.5261053,0
            </coordinates>
          </LinearRing>
        </outerBoundaryIs>
      </Polygon>
    </Placemark>
    <Placemark>
      <name>Territorio 42A</name>
      <styleUrl>#poly-1A237E-1200-77-nodesc</styleUrl>
      <Polygon>
        <outerBoundaryIs>
          <LinearRing>
            <tessellate>1</tessellate>
            <coordinates>
              -68.0971231,-16.5283445,0
              -68.0960985,-16.5292599,0
              -68.0959537,-16.5291211,0
              -68.0959537,-16.5286891,0
              -68.0967637,-16.5279794,0
              -68.0971231,-16.5283445,0
            </coordinates>
          </LinearRing>
        </outerBoundaryIs>
      </Polygon>
    </Placemark>
    <Placemark>
      <name>Territorio 42B</name>
      <styleUrl>#poly-1A237E-1200-77-nodesc</styleUrl>
      <Polygon>
        <outerBoundaryIs>
          <LinearRing>
            <tessellate>1</tessellate>
            <coordinates>
              -68.0967154,-16.5279177,0
              -68.096002,-16.5285657,0
              -68.0959483,-16.5285297,0
              -68.0959537,-16.5279023,0
              -68.0963238,-16.5275268,0
              -68.0967154,-16.5279177,0
            </coordinates>
          </LinearRing>
        </outerBoundaryIs>
      </Polygon>
    </Placemark>
    <Placemark>
      <name>Territorio 42C</name>
      <styleUrl>#poly-1A237E-1200-77-nodesc</styleUrl>
      <Polygon>
        <outerBoundaryIs>
          <LinearRing>
            <tessellate>1</tessellate>
            <coordinates>
              -68.0978259,-16.5276246,0
              -68.0981906,-16.5280565,0
              -68.0971875,-16.5283085,0
              -68.0968173,-16.5279023,0
              -68.0978259,-16.5276246,0
            </coordinates>
          </LinearRing>
        </outerBoundaryIs>
      </Polygon>
    </Placemark>
    <Placemark>
      <name>Territorio 42D</name>
      <styleUrl>#poly-1A237E-1200-77-nodesc</styleUrl>
      <Polygon>
        <outerBoundaryIs>
          <LinearRing>
            <tessellate>1</tessellate>
            <coordinates>
              -68.0977776,-16.5275731,0
              -68.0967744,-16.5278406,0
              -68.0964311,-16.5274471,0
              -68.0972626,-16.5271077,0
              -68.0975308,-16.5272928,0
              -68.0977776,-16.5275731,0
            </coordinates>
          </LinearRing>
        </outerBoundaryIs>
      </Polygon>
    </Placemark>
    <Placemark>
      <name>Territorio 43E</name>
      <styleUrl>#poly-1A237E-1200-77-nodesc</styleUrl>
      <Polygon>
        <outerBoundaryIs>
          <LinearRing>
            <tessellate>1</tessellate>
            <coordinates>
              -68.0967378,-16.5265471,0
              -68.0967753,-16.526542,0
              -68.0970382,-16.5269586,0
              -68.0970221,-16.5270666,0
              -68.096542,-16.5272903,0
              -68.0967378,-16.5265471,0
            </coordinates>
          </LinearRing>
        </outerBoundaryIs>
      </Polygon>
    </Placemark>
    <Placemark>
      <name>Territorio 42F</name>
      <styleUrl>#poly-1A237E-1200-77-nodesc</styleUrl>
      <Polygon>
        <outerBoundaryIs>
          <LinearRing>
            <tessellate>1</tessellate>
            <coordinates>
              -68.0967006,-16.5264586,0
              -68.0964753,-16.5273277,0
              -68.0963761,-16.5273972,0
              -68.0963385,-16.5273972,0
              -68.0959362,-16.5269137,0
              -68.095955,-16.5268623,0
              -68.0961857,-16.526582,0
              -68.096352,-16.5263223,0
              -68.0964512,-16.5262863,0
              -68.0965719,-16.5263069,0
              -68.0967006,-16.5264586,0
            </coordinates>
          </LinearRing>
        </outerBoundaryIs>
      </Polygon>
    </Placemark>
    <Placemark>
      <name>Territorio 29</name>
      <styleUrl>#poly-3949AB-1200-77-nodesc</styleUrl>
      <Polygon>
        <outerBoundaryIs>
          <LinearRing>
            <tessellate>1</tessellate>
            <coordinates>
              -68.0943702,-16.5258025,0
              -68.0947323,-16.5263965,0
              -68.0944802,-16.5265585,0
              -68.0943676,-16.5265431,0
              -68.094094,-16.5263862,0
              -68.094161,-16.5260931,0
              -68.0942978,-16.5259851,0
              -68.0943702,-16.5258025,0
            </coordinates>
          </LinearRing>
        </outerBoundaryIs>
      </Polygon>
    </Placemark>
    <Placemark>
      <name>Territorio 29B</name>
      <styleUrl>#poly-3949AB-1200-77-nodesc</styleUrl>
      <Polygon>
        <outerBoundaryIs>
          <LinearRing>
            <tessellate>1</tessellate>
            <coordinates>
              -68.0945634,-16.5254142,0
              -68.0949737,-16.5260725,0
              -68.0948745,-16.5262782,0
              -68.0947672,-16.5263759,0
              -68.0943783,-16.5257871,0
              -68.0945634,-16.5254142,0
            </coordinates>
          </LinearRing>
        </outerBoundaryIs>
      </Polygon>
    </Placemark>
    <Placemark>
      <name>Territorio 29C</name>
      <styleUrl>#poly-3949AB-1200-77-nodesc</styleUrl>
      <Polygon>
        <outerBoundaryIs>
          <LinearRing>
            <tessellate>1</tessellate>
            <coordinates>
              -68.0948557,-16.5250689,0
              -68.0953466,-16.5257143,0
              -68.0952902,-16.525812,0
              -68.0951535,-16.5258943,0
              -68.0949898,-16.5260434,0
              -68.0945634,-16.5254142,0
              -68.0948557,-16.5250689,0
            </coordinates>
          </LinearRing>
        </outerBoundaryIs>
      </Polygon>
    </Placemark>
    <Placemark>
      <name>Territorio 29D</name>
      <styleUrl>#poly-3949AB-1200-77-nodesc</styleUrl>
      <Polygon>
        <outerBoundaryIs>
          <LinearRing>
            <tessellate>1</tessellate>
            <coordinates>
              -68.0953675,-16.5256527,0
              -68.0953313,-16.5256643,0
              -68.0948592,-16.525051,0
              -68.0951181,-16.524691,0
              -68.0952911,-16.5247835,0
              -68.0955083,-16.524934,0
              -68.0953809,-16.5252335,0
              -68.0953715,-16.5253814,0
              -68.0953863,-16.5255383,0
              -68.0953863,-16.5256193,0
              -68.0953675,-16.5256527,0
            </coordinates>
          </LinearRing>
        </outerBoundaryIs>
      </Polygon>
    </Placemark>
    <Placemark>
      <name>Territorio 20E</name>
      <styleUrl>#poly-3949AB-1200-77-nodesc</styleUrl>
      <Polygon>
        <outerBoundaryIs>
          <LinearRing>
            <tessellate>1</tessellate>
            <coordinates>
              -68.0957189,-16.5242808,0
              -68.095735,-16.5243078,0
              -68.095625,-16.5246305,0
              -68.0955164,-16.5249173,0
              -68.0951261,-16.5246794,0
              -68.0951784,-16.524592,0
              -68.095287,-16.524331,0
              -68.095393,-16.5241497,0
              -68.0957189,-16.5242808,0
            </coordinates>
          </LinearRing>
        </outerBoundaryIs>
      </Polygon>
    </Placemark>
    <Placemark>
      <name>Territorio 29F</name>
      <styleUrl>#poly-3949AB-1200-77-nodesc</styleUrl>
      <Polygon>
        <outerBoundaryIs>
          <LinearRing>
            <tessellate>1</tessellate>
            <coordinates>
              -68.0956102,-16.5238335,0
              -68.0956625,-16.5238437,0
              -68.0957336,-16.52389,0
              -68.0957644,-16.5239479,0
              -68.0957819,-16.5240507,0
              -68.0957363,-16.5242487,0
              -68.0957215,-16.5242642,0
              -68.0954157,-16.5241369,0
              -68.0956102,-16.5238335,0
            </coordinates>
          </LinearRing>
        </outerBoundaryIs>
      </Polygon>
    </Placemark>
    <Placemark>
      <name>Territorio 29G</name>
      <styleUrl>#poly-3949AB-1200-77-nodesc</styleUrl>
      <Polygon>
        <outerBoundaryIs>
          <LinearRing>
            <tessellate>1</tessellate>
            <coordinates>
              -68.095532,-16.5238036,0
              -68.0952242,-16.5243186,0
              -68.0950529,-16.5246969,0
              -68.094675,-16.5251858,0
              -68.0945852,-16.5251356,0
              -68.0950492,-16.5241327,0
              -68.0948279,-16.5240093,0
              -68.0951672,-16.5235824,0
              -68.0954019,-16.5236904,0
              -68.0955246,-16.5237753,0
              -68.095532,-16.5238036,0
            </coordinates>
          </LinearRing>
        </outerBoundaryIs>
      </Polygon>
    </Placemark>
    <Placemark>
      <name>Territorio 33A</name>
      <styleUrl>#poly-0097A7-1200-77-nodesc</styleUrl>
      <Polygon>
        <outerBoundaryIs>
          <LinearRing>
            <tessellate>1</tessellate>
            <coordinates>
              -68.093758,-16.5313297,0
              -68.0940906,-16.5315945,0
              -68.0941228,-16.5316768,0
              -68.0941147,-16.5318002,0
              -68.0938304,-16.5322837,0
              -68.0938519,-16.5323042,0
              -68.0938277,-16.5323891,0
              -68.0934469,-16.5323171,0
              -68.0936413,-16.5318941,0
              -68.0937151,-16.5313464,0
              -68.093758,-16.5313297,0
            </coordinates>
          </LinearRing>
        </outerBoundaryIs>
      </Polygon>
    </Placemark>
    <Placemark>
      <name>Territorio 33B</name>
      <styleUrl>#poly-0097A7-1200-77-nodesc</styleUrl>
      <Polygon>
        <outerBoundaryIs>
          <LinearRing>
            <tessellate>1</tessellate>
            <coordinates>
              -68.0939436,-16.531364,0
              -68.0942279,-16.5310709,0
              -68.0943084,-16.5310452,0
              -68.0944613,-16.5310812,0
              -68.0945873,-16.5311635,0
              -68.0946973,-16.531346,0
              -68.0947483,-16.5316546,0
              -68.0947724,-16.5323077,0
              -68.0942816,-16.532642,0
              -68.0942172,-16.5325237,0
              -68.0941475,-16.5324311,0
              -68.0940724,-16.5323643,0
              -68.0940402,-16.5324234,0
              -68.093949,-16.5324106,0
              -68.0938551,-16.5323823,0
              -68.0941475,-16.5319117,0
              -68.0942011,-16.531796,0
              -68.094185,-16.5316289,0
              -68.0940938,-16.5314875,0
              -68.0939436,-16.531364,0
            </coordinates>
          </LinearRing>
        </outerBoundaryIs>
      </Polygon>
    </Placemark>
    <Placemark>
      <name>Territorio 33C</name>
      <styleUrl>#poly-0097A7-1200-77-nodesc</styleUrl>
      <Polygon>
        <outerBoundaryIs>
          <LinearRing>
            <tessellate>1</tessellate>
            <coordinates>
              -68.0942772,-16.5309486,0
              -68.0943148,-16.5308303,0
              -68.0943979,-16.5307403,0
              -68.0945079,-16.5306992,0
              -68.0946339,-16.5307069,0
              -68.0947842,-16.5307635,0
              -68.0953528,-16.5314654,0
              -68.0954011,-16.5315812,0
              -68.0954815,-16.5316814,0
              -68.0955379,-16.531792,0
              -68.0948647,-16.5322522,0
              -68.0948405,-16.5322548,0
              -68.0948029,-16.531576,0
              -68.0947681,-16.5313343,0
              -68.0946554,-16.5311337,0
              -68.094532,-16.5310232,0
              -68.0943255,-16.5309872,0
              -68.0942772,-16.5309486,0
            </coordinates>
          </LinearRing>
        </outerBoundaryIs>
      </Polygon>
    </Placemark>
    <Placemark>
      <name>Territorio 33D</name>
      <styleUrl>#poly-0097A7-1200-77-nodesc</styleUrl>
      <Polygon>
        <outerBoundaryIs>
          <LinearRing>
            <tessellate>1</tessellate>
            <coordinates>
              -68.0942368,-16.5299893,0
              -68.0943843,-16.5301307,0
              -68.0944567,-16.5302618,0
              -68.0941992,-16.5310075,0
              -68.0939149,-16.5313007,0
              -68.0938371,-16.5313032,0
              -68.0937084,-16.5311978,0
              -68.0937084,-16.5310641,0
              -68.0937754,-16.5307633,0
              -68.0938157,-16.530501,0
              -68.0937781,-16.5303236,0
              -68.0938479,-16.530285,0
              -68.0939605,-16.5302181,0
              -68.0941027,-16.530123,0
              -68.0942368,-16.5299893,0
            </coordinates>
          </LinearRing>
        </outerBoundaryIs>
      </Polygon>
    </Placemark>
    <Placemark>
      <name>Territorio 33E</name>
      <styleUrl>#poly-0097A7-1200-77-nodesc</styleUrl>
      <Polygon>
        <outerBoundaryIs>
          <LinearRing>
            <tessellate>1</tessellate>
            <coordinates>
              -68.0945399,-16.5292822,0
              -68.0947089,-16.5294056,0
              -68.0947384,-16.5295136,0
              -68.0946767,-16.529961,0
              -68.0946954,-16.530213,0
              -68.0948135,-16.5306604,0
              -68.0947759,-16.5307015,0
              -68.0946954,-16.5306784,0
              -68.0946069,-16.5306527,0
              -68.0944835,-16.5306604,0
              -68.0943736,-16.530681,0
              -68.0944406,-16.5305113,0
              -68.094505,-16.5303596,0
              -68.0945131,-16.5302972,0
              -68.0945024,-16.5302349,0
              -68.0944192,-16.5300767,0
              -68.0942663,-16.5299096,0
              -68.094328,-16.5297656,0
              -68.0944299,-16.5293902,0
              -68.0944782,-16.5293027,0
              -68.0945399,-16.5292822,0
            </coordinates>
          </LinearRing>
        </outerBoundaryIs>
      </Polygon>
    </Placemark>
    <Placemark>
      <name>Territorio 47A</name>
      <styleUrl>#poly-817717-1200-77-nodesc</styleUrl>
      <Polygon>
        <outerBoundaryIs>
          <LinearRing>
            <tessellate>1</tessellate>
            <coordinates>
              -68.0813648,-16.5019068,0
              -68.0816116,-16.5019788,0
              -68.0809625,-16.5031669,0
              -68.0809142,-16.5031978,0
              -68.0805507,-16.503109,0
              -68.0806064,-16.5029309,0
              -68.0800696,-16.5026747,0
              -68.0796993,-16.5024399,0
              -68.0796589,-16.5024793,0
              -68.0800197,-16.5027164,0
              -68.0805152,-16.5029635,0
              -68.0805242,-16.5030035,0
              -68.0804912,-16.5030929,0
              -68.0798037,-16.502956,0
              -68.0790205,-16.5020714,0
              -68.0795463,-16.5021177,0
              -68.0798896,-16.5023028,0
              -68.0799593,-16.5024211,0
              -68.080072,-16.502488,0
              -68.0807157,-16.5028377,0
              -68.0808713,-16.5028737,0
              -68.0810107,-16.5026474,0
              -68.0813648,-16.5019068,0
            </coordinates>
          </LinearRing>
        </outerBoundaryIs>
      </Polygon>
    </Placemark>
    <Placemark>
      <name>Territorio 47B</name>
      <styleUrl>#poly-817717-1200-77-nodesc</styleUrl>
      <Polygon>
        <outerBoundaryIs>
          <LinearRing>
            <tessellate>1</tessellate>
            <coordinates>
              -68.0812982,-16.5018771,0
              -68.0809522,-16.5026319,0
              -68.0807859,-16.502799,0
              -68.0803407,-16.5025341,0
              -68.0800242,-16.5023901,0
              -68.079941,-16.5022641,0
              -68.0794878,-16.5020224,0
              -68.0789755,-16.5019812,0
              -68.0789084,-16.5019426,0
              -68.0786697,-16.5016983,0
              -68.0783532,-16.5014874,0
              -68.0783907,-16.5014,0
              -68.0789138,-16.5014617,0
              -68.0794073,-16.5015903,0
              -68.0796943,-16.5018835,0
              -68.0801047,-16.5022435,0
              -68.080169,-16.5022667,0
              -68.0804641,-16.5023618,0
              -68.0807833,-16.5017112,0
              -68.0812982,-16.5018771,0
            </coordinates>
          </LinearRing>
        </outerBoundaryIs>
      </Polygon>
    </Placemark>
    <Placemark>
      <name>Territorio 47C</name>
      <styleUrl>#poly-817717-1200-77-nodesc</styleUrl>
      <Polygon>
        <outerBoundaryIs>
          <LinearRing>
            <tessellate>1</tessellate>
            <coordinates>
              -68.0793336,-16.5005377,0
              -68.079913,-16.5008772,0
              -68.0795831,-16.5014507,0
              -68.0797413,-16.5015612,0
              -68.0796877,-16.5016795,0
              -68.079516,-16.5016152,0
              -68.0794543,-16.5014481,0
              -68.0790144,-16.500998,0
              -68.0792398,-16.5007151,0
              -68.0795616,-16.5009003,0
              -68.0795911,-16.5008617,0
              -68.0792532,-16.5006457,0
              -68.0793336,-16.5005377,0
            </coordinates>
          </LinearRing>
        </outerBoundaryIs>
      </Polygon>
    </Placemark>
    <Placemark>
      <name>Territorio 47D</name>
      <styleUrl>#poly-817717-1200-77-nodesc</styleUrl>
      <Polygon>
        <outerBoundaryIs>
          <LinearRing>
            <tessellate>1</tessellate>
            <coordinates>
              -68.0807927,-16.5014338,0
              -68.080723,-16.5016935,0
              -68.0804843,-16.5022259,0
              -68.0804226,-16.5022567,0
              -68.0801946,-16.5021976,0
              -68.0805621,-16.5013695,0
              -68.0805192,-16.5013566,0
              -68.080149,-16.5022156,0
              -68.0798513,-16.5019378,0
              -68.0802992,-16.5012126,0
              -68.0807927,-16.5014338,0
            </coordinates>
          </LinearRing>
        </outerBoundaryIs>
      </Polygon>
    </Placemark>
    <Placemark>
      <name>Territorio 47E</name>
      <styleUrl>#poly-817717-1200-77-nodesc</styleUrl>
      <Polygon>
        <outerBoundaryIs>
          <LinearRing>
            <tessellate>1</tessellate>
            <coordinates>
              -68.0808575,-16.5014072,0
              -68.080828,-16.5010266,0
              -68.0809728,-16.5006768,0
              -68.0813242,-16.5004351,0
              -68.0814596,-16.5001908,0
              -68.0819123,-16.5007669,0
              -68.0817589,-16.5008684,0
              -68.0817048,-16.5008633,0
              -68.0814491,-16.50052,0
              -68.0814124,-16.5005457,0
              -68.0816688,-16.5009109,0
              -68.0817614,-16.5009494,0
              -68.0818285,-16.500916,0
              -68.0819438,-16.5008157,0
              -68.082027,-16.5008748,0
              -68.0821074,-16.5009006,0
              -68.0819545,-16.5013275,0
              -68.0816434,-16.5019035,0
              -68.0807878,-16.5016464,0
              -68.0808575,-16.5014072,0
            </coordinates>
          </LinearRing>
        </outerBoundaryIs>
      </Polygon>
    </Placemark>
    <Placemark>
      <name>Territorio 47F</name>
      <styleUrl>#poly-817717-1200-77-nodesc</styleUrl>
      <Polygon>
        <outerBoundaryIs>
          <LinearRing>
            <tessellate>1</tessellate>
            <coordinates>
              -68.0831468,-16.4990689,0
              -68.0827203,-16.499744,0
              -68.0820833,-16.4991242,0
              -68.0819546,-16.4988682,0
              -68.0819884,-16.4988316,0
              -68.0820811,-16.4988101,0
              -68.0821041,-16.4987885,0
              -68.0820709,-16.4986567,0
              -68.0820994,-16.4986355,0
              -68.0831468,-16.4990689,0
            </coordinates>
          </LinearRing>
        </outerBoundaryIs>
      </Polygon>
    </Placemark>
    <Placemark>
      <name>Territorio 47G</name>
      <styleUrl>#poly-817717-1200-77-nodesc</styleUrl>
      <Polygon>
        <outerBoundaryIs>
          <LinearRing>
            <tessellate>1</tessellate>
            <coordinates>
              -68.0824651,-16.4982574,0
              -68.0825456,-16.4983139,0
              -68.0836667,-16.4983808,0
              -68.083364,-16.4989009,0
              -68.0832892,-16.4989453,0
              -68.0832362,-16.498998,0
              -68.0821003,-16.4985454,0
              -68.0820929,-16.4984946,0
              -68.0821476,-16.4984184,0
              -68.0823117,-16.4983186,0
              -68.0824651,-16.4982574,0
            </coordinates>
          </LinearRing>
        </outerBoundaryIs>
      </Polygon>
    </Placemark>
    <Placemark>
      <name>Territorio 47H</name>
      <styleUrl>#poly-817717-1200-77-nodesc</styleUrl>
      <Polygon>
        <outerBoundaryIs>
          <LinearRing>
            <tessellate>1</tessellate>
            <coordinates>
              -68.0817404,-16.4993599,0
              -68.0819952,-16.4997662,0
              -68.0824404,-16.5002163,0
              -68.082301,-16.5004246,0
              -68.0821132,-16.5008489,0
              -68.082014,-16.5007846,0
              -68.0815821,-16.500224,0
              -68.0814856,-16.5001391,0
              -68.081727,-16.4998768,0
              -68.0817404,-16.4993599,0
            </coordinates>
          </LinearRing>
        </outerBoundaryIs>
      </Polygon>
    </Placemark>
    <Placemark>
      <name>Territorio 47I</name>
      <styleUrl>#poly-817717-1200-77-nodesc</styleUrl>
      <Polygon>
        <outerBoundaryIs>
          <LinearRing>
            <tessellate>1</tessellate>
            <coordinates>
              -68.081863,-16.4988357,0
              -68.0820105,-16.4991366,0
              -68.0826676,-16.4998258,0
              -68.0826757,-16.4998798,0
              -68.0824799,-16.5001524,0
              -68.0824397,-16.5001498,0
              -68.0819515,-16.4995918,0
              -68.0816404,-16.4990491,0
              -68.081643,-16.4990157,0
              -68.081863,-16.4988357,0
            </coordinates>
          </LinearRing>
        </outerBoundaryIs>
      </Polygon>
    </Placemark>
    <Placemark>
      <name>Territorio 47J</name>
      <styleUrl>#poly-817717-1200-77-nodesc</styleUrl>
      <Polygon>
        <outerBoundaryIs>
          <LinearRing>
            <tessellate>1</tessellate>
            <coordinates>
              -68.0823957,-16.4976174,0
              -68.0827336,-16.4978411,0
              -68.0837905,-16.4981086,0
              -68.083718,-16.4982886,0
              -68.0825968,-16.498232,0
              -68.0825271,-16.4981549,0
              -68.0823957,-16.4976174,0
            </coordinates>
          </LinearRing>
        </outerBoundaryIs>
      </Polygon>
    </Placemark>
    <Placemark>
      <name>Territorio 47K</name>
      <styleUrl>#poly-817717-1200-77-nodesc</styleUrl>
      <Polygon>
        <outerBoundaryIs>
          <LinearRing>
            <tessellate>1</tessellate>
            <coordinates>
              -68.0823339,-16.4978021,0
              -68.0824291,-16.4981648,0
              -68.0824077,-16.4981892,0
              -68.0822561,-16.4982599,0
              -68.0820496,-16.4984014,0
              -68.0819986,-16.4985505,0
              -68.0815185,-16.4985557,0
              -68.0809365,-16.4983525,0
              -68.0811162,-16.4977867,0
              -68.0812262,-16.4976684,0
              -68.0813817,-16.4975038,0
              -68.081481,-16.497491,0
              -68.0816339,-16.4975578,0
              -68.0817546,-16.4976195,0
              -68.0818431,-16.4976375,0
              -68.0822803,-16.4975501,0
              -68.0823205,-16.4977173,0
              -68.0817894,-16.4978176,0
              -68.0817492,-16.4977636,0
              -68.0816741,-16.4977764,0
              -68.0816044,-16.4977996,0
              -68.0815695,-16.497851,0
              -68.0815829,-16.497923,0
              -68.08165,-16.4979719,0
              -68.0817358,-16.4979745,0
              -68.0817975,-16.4979513,0
              -68.081827,-16.497905,0
              -68.0823339,-16.4978021,0
            </coordinates>
          </LinearRing>
        </outerBoundaryIs>
      </Polygon>
    </Placemark>
    <Placemark>
      <name>Territorio 47L</name>
      <styleUrl>#poly-817717-1200-77-nodesc</styleUrl>
      <Polygon>
        <outerBoundaryIs>
          <LinearRing>
            <tessellate>1</tessellate>
            <coordinates>
              -68.0811013,-16.497711,0
              -68.0810021,-16.4979296,0
              -68.0808706,-16.4983745,0
              -68.0799372,-16.4982588,0
              -68.0799909,-16.4978962,0
              -68.0798058,-16.4967569,0
              -68.0803127,-16.4965125,0
              -68.0803959,-16.4965331,0
              -68.0804844,-16.4966437,0
              -68.0805193,-16.4968289,0
              -68.080589,-16.496942,0
              -68.0807687,-16.4973175,0
              -68.080825,-16.4976827,0
              -68.0809001,-16.4977779,0
              -68.080994,-16.4977779,0
              -68.0811013,-16.497711,0
            </coordinates>
          </LinearRing>
        </outerBoundaryIs>
      </Polygon>
    </Placemark>
    <Placemark>
      <name>Territorio 47M</name>
      <styleUrl>#poly-817717-1200-77-nodesc</styleUrl>
      <Polygon>
        <outerBoundaryIs>
          <LinearRing>
            <tessellate>1</tessellate>
            <coordinates>
              -68.0822343,-16.4974811,0
              -68.0818158,-16.4975608,0
              -68.081561,-16.4974502,0
              -68.0813786,-16.4974348,0
              -68.0812258,-16.4975505,0
              -68.0810085,-16.4976842,0
              -68.0809602,-16.4977022,0
              -68.080869,-16.4976688,0
              -68.0808529,-16.4973113,0
              -68.0806223,-16.4968278,0
              -68.0806679,-16.496779,0
              -68.0812982,-16.4971853,0
              -68.0814028,-16.4970464,0
              -68.0815557,-16.4971545,0
              -68.0823308,-16.4968098,0
              -68.0825695,-16.4968047,0
              -68.0825883,-16.4970542,0
              -68.0825481,-16.497229,0
              -68.0823603,-16.497265,0
              -68.0822343,-16.4974811,0
            </coordinates>
          </LinearRing>
        </outerBoundaryIs>
      </Polygon>
    </Placemark>
    <Placemark>
      <name>Territorio 47N</name>
      <styleUrl>#poly-817717-1200-77-nodesc</styleUrl>
      <Polygon>
        <outerBoundaryIs>
          <LinearRing>
            <tessellate>1</tessellate>
            <coordinates>
              -68.0814241,-16.4969341,0
              -68.0813007,-16.4971193,0
              -68.0805926,-16.4966718,0
              -68.0804531,-16.4964557,0
              -68.0803029,-16.4964146,0
              -68.0797718,-16.4966872,0
              -68.0797128,-16.4968106,0
              -68.0799167,-16.4979731,0
              -68.0798577,-16.4982045,0
              -68.0796645,-16.4983074,0
              -68.0793695,-16.4982868,0
              -68.0789403,-16.4980451,0
              -68.0782054,-16.4979371,0
              -68.0783342,-16.4969701,0
              -68.07761,-16.4976439,0
              -68.0775563,-16.4983331,0
              -68.0763332,-16.4985594,0
              -68.0752711,-16.4960082,0
              -68.0744664,-16.4957408,0
              -68.0746166,-16.4952367,0
              -68.0763976,-16.4950824,0
              -68.0770628,-16.4946709,0
              -68.0763225,-16.4927369,0
              -68.0779104,-16.4919036,0
              -68.0788652,-16.4926237,0
              -68.0797128,-16.4939816,0
              -68.0806462,-16.4950412,0
              -68.08026,-16.4954321,0
              -68.0814241,-16.4969341,0
            </coordinates>
          </LinearRing>
        </outerBoundaryIs>
      </Polygon>
    </Placemark>
    <Placemark>
      <name>Territorio 18A</name>
      <styleUrl>#poly-A52714-1200-77-nodesc</styleUrl>
      <Polygon>
        <outerBoundaryIs>
          <LinearRing>
            <tessellate>1</tessellate>
            <coordinates>
              -68.0879424,-16.5077558,0
              -68.0883782,-16.509003,0
              -68.0880778,-16.5093502,0
              -68.0875226,-16.5080387,0
              -68.0879424,-16.5077558,0
            </coordinates>
          </LinearRing>
        </outerBoundaryIs>
      </Polygon>
    </Placemark>
    <Placemark>
      <name>Territorio 18B</name>
      <styleUrl>#poly-A52714-1200-77-nodesc</styleUrl>
      <Polygon>
        <outerBoundaryIs>
          <LinearRing>
            <tessellate>1</tessellate>
            <coordinates>
              -68.0883594,-16.5074086,0
              -68.088979,-16.508463,0
              -68.0888717,-16.5085093,0
              -68.0884426,-16.5089053,0
              -68.088008,-16.5076941,0
              -68.0883594,-16.5074086,0
            </coordinates>
          </LinearRing>
        </outerBoundaryIs>
      </Polygon>
    </Placemark>
    <Placemark>
      <name>Territorio 18C</name>
      <styleUrl>#poly-A52714-1200-77-nodesc</styleUrl>
      <Polygon>
        <outerBoundaryIs>
          <LinearRing>
            <tessellate>1</tessellate>
            <coordinates>
              -68.0892043,-16.5072286,0
              -68.089089,-16.5073855,0
              -68.0891936,-16.5074729,0
              -68.08903,-16.5078304,0
              -68.089325,-16.5082907,0
              -68.0890541,-16.5084219,0
              -68.0884613,-16.5074601,0
              -68.0884479,-16.5073983,0
              -68.0889093,-16.5069766,0
              -68.0892043,-16.5072286,0
            </coordinates>
          </LinearRing>
        </outerBoundaryIs>
      </Polygon>
    </Placemark>
    <Placemark>
      <name>Territorio 18D</name>
      <styleUrl>#poly-A52714-1200-77-nodesc</styleUrl>
      <Polygon>
        <outerBoundaryIs>
          <LinearRing>
            <tessellate>1</tessellate>
            <coordinates>
              -68.0902356,-16.5069624,0
              -68.0894792,-16.5072659,0
              -68.0893264,-16.5071347,0
              -68.0898548,-16.5069084,0
              -68.0900103,-16.5066898,0
              -68.0901042,-16.5067104,0
              -68.0902356,-16.5069624,0
            </coordinates>
          </LinearRing>
        </outerBoundaryIs>
      </Polygon>
    </Placemark>
    <Placemark>
      <name>Territorio 18E</name>
      <styleUrl>#poly-A52714-1200-77-nodesc</styleUrl>
      <Polygon>
        <outerBoundaryIs>
          <LinearRing>
            <tessellate>1</tessellate>
            <coordinates>
              -68.0897475,-16.506887,0
              -68.0897287,-16.5069154,0
              -68.0892378,-16.5071468,0
              -68.0891842,-16.5071365,0
              -68.0889804,-16.5069565,0
              -68.0889884,-16.5069109,0
              -68.0891306,-16.5067161,0
              -68.0893639,-16.5065026,0
              -68.0893934,-16.5064949,0
              -68.0897475,-16.506887,0
            </coordinates>
          </LinearRing>
        </outerBoundaryIs>
      </Polygon>
    </Placemark>
    <Placemark>
      <name>Territorio 18F</name>
      <styleUrl>#poly-A52714-1200-77-nodesc</styleUrl>
      <Polygon>
        <outerBoundaryIs>
          <LinearRing>
            <tessellate>1</tessellate>
            <coordinates>
              -68.08973,-16.5062094,0
              -68.0899299,-16.5063637,0
              -68.0900345,-16.5066029,0
              -68.0898172,-16.5068472,0
              -68.0897864,-16.5068536,0
              -68.0894605,-16.5064962,0
              -68.0894672,-16.5064537,0
              -68.0895382,-16.5063573,0
              -68.0897019,-16.5062082,0
              -68.08973,-16.5062094,0
            </coordinates>
          </LinearRing>
        </outerBoundaryIs>
      </Polygon>
    </Placemark>
    <Placemark>
      <name>Territorio 18G</name>
      <styleUrl>#poly-A52714-1200-77-nodesc</styleUrl>
      <Polygon>
        <outerBoundaryIs>
          <LinearRing>
            <tessellate>1</tessellate>
            <coordinates>
              -68.0885127,-16.5060422,0
              -68.0890089,-16.5065977,0
              -68.0885717,-16.5070297,0
              -68.0874238,-16.5078938,0
              -68.0868685,-16.506968,0
              -68.0885127,-16.5060422,0
            </coordinates>
          </LinearRing>
        </outerBoundaryIs>
      </Polygon>
    </Placemark>
    <Placemark>
      <name>Territorio 18H</name>
      <styleUrl>#poly-A52714-1200-77-nodesc</styleUrl>
      <Polygon>
        <outerBoundaryIs>
          <LinearRing>
            <tessellate>1</tessellate>
            <coordinates>
              -68.0884613,-16.5059525,0
              -68.0884666,-16.5059859,0
              -68.0868573,-16.5069168,0
              -68.086168,-16.5056901,0
              -68.0861465,-16.5055358,0
              -68.0865971,-16.505235,0
              -68.0872838,-16.5054587,0
              -68.0874179,-16.5058522,0
              -68.0882842,-16.5057364,0
              -68.0884613,-16.5059525,0
            </coordinates>
          </LinearRing>
        </outerBoundaryIs>
      </Polygon>
    </Placemark>
    <Placemark>
      <name>Territorio 20A</name>
      <styleUrl>#poly-C2185B-1200-77-nodesc</styleUrl>
      <Polygon>
        <outerBoundaryIs>
          <LinearRing>
            <tessellate>1</tessellate>
            <coordinates>
              -68.0889621,-16.5119137,0
              -68.0888817,-16.5114431,0
              -68.0904588,-16.5109751,0
              -68.0907324,-16.5110831,0
              -68.0908477,-16.5112476,0
              -68.0907163,-16.5112296,0
              -68.0901638,-16.5114148,0
              -68.0889863,-16.5119214,0
              -68.0889621,-16.5119137,0
            </coordinates>
          </LinearRing>
        </outerBoundaryIs>
      </Polygon>
    </Placemark>
    <Placemark>
      <name>Territorio 20B</name>
      <styleUrl>#poly-C2185B-1200-77-nodesc</styleUrl>
      <Polygon>
        <outerBoundaryIs>
          <LinearRing>
            <tessellate>1</tessellate>
            <coordinates>
              -68.08906,-16.5109648,0
              -68.0891968,-16.5112965,0
              -68.088875,-16.5113865,0
              -68.0888294,-16.5111191,0
              -68.08906,-16.5109648,0
            </coordinates>
          </LinearRing>
        </outerBoundaryIs>
      </Polygon>
    </Placemark>
    <Placemark>
      <name>Territorio 20C</name>
      <styleUrl>#poly-C2185B-1200-77-nodesc</styleUrl>
      <Polygon>
        <outerBoundaryIs>
          <LinearRing>
            <tessellate>1</tessellate>
            <coordinates>
              -68.0907418,-16.5104273,0
              -68.090841,-16.5105893,0
              -68.0906157,-16.5107359,0
              -68.0905567,-16.5109005,0
              -68.0901544,-16.5109802,0
              -68.0900276,-16.510777,0
              -68.0900377,-16.5107385,0
              -68.0906171,-16.5104479,0
              -68.0906929,-16.51039,0
              -68.0907418,-16.5104273,0
            </coordinates>
          </LinearRing>
        </outerBoundaryIs>
      </Polygon>
    </Placemark>
    <Placemark>
      <name>Territorio 20D</name>
      <styleUrl>#poly-C2185B-1200-77-nodesc</styleUrl>
      <Polygon>
        <outerBoundaryIs>
          <LinearRing>
            <tessellate>1</tessellate>
            <coordinates>
              -68.0904264,-16.5102891,0
              -68.0905445,-16.5104614,0
              -68.0898981,-16.5107288,0
              -68.0899249,-16.5107828,0
              -68.0899946,-16.5107442,0
              -68.0901314,-16.5109911,0
              -68.0897479,-16.5111634,0
              -68.089257,-16.5112817,0
              -68.0891283,-16.5108908,0
              -68.0896567,-16.5105745,0
              -68.0904264,-16.5102891,0
            </coordinates>
          </LinearRing>
        </outerBoundaryIs>
      </Polygon>
    </Placemark>
    <Placemark>
      <name>Territorio 20E</name>
      <styleUrl>#poly-C2185B-1200-77-nodesc</styleUrl>
      <Polygon>
        <outerBoundaryIs>
          <LinearRing>
            <tessellate>1</tessellate>
            <coordinates>
              -68.0903165,-16.5099393,0
              -68.0904399,-16.5102273,0
              -68.0896808,-16.5105128,0
              -68.0891175,-16.5108394,0
              -68.0890478,-16.5107108,0
              -68.0894877,-16.5102196,0
              -68.0903165,-16.5099393,0
            </coordinates>
          </LinearRing>
        </outerBoundaryIs>
      </Polygon>
    </Placemark>
    <Placemark>
      <name>Territorio 20F</name>
      <styleUrl>#poly-C2185B-1200-77-nodesc</styleUrl>
      <Polygon>
        <outerBoundaryIs>
          <LinearRing>
            <tessellate>1</tessellate>
            <coordinates>
              -68.0890365,-16.5108916,0
              -68.0888058,-16.5110741,0
              -68.0883633,-16.5100558,0
              -68.0887012,-16.5099298,0
              -68.0890365,-16.5108916,0
            </coordinates>
          </LinearRing>
        </outerBoundaryIs>
      </Polygon>
    </Placemark>
    <Placemark>
      <name>Territorio 20G</name>
      <styleUrl>#poly-C2185B-1200-77-nodesc</styleUrl>
      <Polygon>
        <outerBoundaryIs>
          <LinearRing>
            <tessellate>1</tessellate>
            <coordinates>
              -68.0883955,-16.5091094,0
              -68.0884196,-16.5091197,0
              -68.0886824,-16.5098552,0
              -68.0883364,-16.5099864,0
              -68.0881004,-16.5094129,0
              -68.0883955,-16.5091094,0
            </coordinates>
          </LinearRing>
        </outerBoundaryIs>
      </Polygon>
    </Placemark>
    <Placemark>
      <name>Territorio 20H</name>
      <styleUrl>#poly-C2185B-1200-77-nodesc</styleUrl>
      <Polygon>
        <outerBoundaryIs>
          <LinearRing>
            <tessellate>1</tessellate>
            <coordinates>
              -68.0885685,-16.5089023,0
              -68.0887938,-16.5090077,0
              -68.0888823,-16.5091311,0
              -68.0890566,-16.5100981,0
              -68.0889627,-16.5102935,0
              -68.0889252,-16.5103115,0
              -68.0884638,-16.5090128,0
              -68.0885685,-16.5089023,0
            </coordinates>
          </LinearRing>
        </outerBoundaryIs>
      </Polygon>
    </Placemark>
    <Placemark>
      <name>Territorio 20I</name>
      <styleUrl>#poly-C2185B-1200-77-nodesc</styleUrl>
      <Polygon>
        <outerBoundaryIs>
          <LinearRing>
            <tessellate>1</tessellate>
            <coordinates>
              -68.0895716,-16.5084136,0
              -68.0895475,-16.5084702,0
              -68.0895421,-16.5085268,0
              -68.0897111,-16.5091131,0
              -68.0893034,-16.5090874,0
              -68.0892766,-16.5089023,0
              -68.0890244,-16.5085551,0
              -68.0890352,-16.5084934,0
              -68.0895716,-16.5084136,0
            </coordinates>
          </LinearRing>
        </outerBoundaryIs>
      </Polygon>
    </Placemark>
    <Placemark>
      <name>Territorio 20J</name>
      <styleUrl>#poly-C2185B-1200-77-nodesc</styleUrl>
      <Polygon>
        <outerBoundaryIs>
          <LinearRing>
            <tessellate>1</tessellate>
            <coordinates>
              -68.0897218,-16.509144,0
              -68.0897647,-16.5094603,0
              -68.0897352,-16.5094963,0
              -68.0895555,-16.5094732,0
              -68.089349,-16.5093909,0
              -68.0893168,-16.5091131,0
              -68.0897218,-16.509144,0
            </coordinates>
          </LinearRing>
        </outerBoundaryIs>
      </Polygon>
    </Placemark>
    <Placemark>
      <name>Territorio 20K</name>
      <styleUrl>#poly-C2185B-1200-77-nodesc</styleUrl>
      <Polygon>
        <outerBoundaryIs>
          <LinearRing>
            <tessellate>1</tessellate>
            <coordinates>
              -68.0889087,-16.5085719,0
              -68.0889489,-16.5085925,0
              -68.0891957,-16.5089268,0
              -68.0892252,-16.50904,0
              -68.0892627,-16.5093666,0
              -68.0893244,-16.5094694,0
              -68.0895336,-16.5095414,0
              -68.0897133,-16.5095671,0
              -68.0898153,-16.509508,0
              -68.0898394,-16.509382,0
              -68.0897965,-16.5091171,0
              -68.0896087,-16.5085128,0
              -68.0896516,-16.5084511,0
              -68.0899896,-16.5084048,0
              -68.090172,-16.5089808,0
              -68.0901693,-16.5094489,0
              -68.0899467,-16.5098089,0
              -68.0893888,-16.5097934,0
              -68.0890106,-16.5094591,0
              -68.0888738,-16.5090117,0
              -68.088627,-16.5088677,0
              -68.088619,-16.5088419,0
              -68.0889087,-16.5085719,0
            </coordinates>
          </LinearRing>
        </outerBoundaryIs>
      </Polygon>
    </Placemark>
    <Placemark>
      <name>Territorio 20L</name>
      <styleUrl>#poly-C2185B-1200-77-nodesc</styleUrl>
      <Polygon>
        <outerBoundaryIs>
          <LinearRing>
            <tessellate>1</tessellate>
            <coordinates>
              -68.0904432,-16.5083669,0
              -68.0905907,-16.508817,0
              -68.0902179,-16.5090304,0
              -68.0900569,-16.5084004,0
              -68.0904432,-16.5083669,0
            </coordinates>
          </LinearRing>
        </outerBoundaryIs>
      </Polygon>
    </Placemark>
    <Placemark>
      <name>Territorio 20M</name>
      <styleUrl>#poly-C2185B-1200-77-nodesc</styleUrl>
      <Polygon>
        <outerBoundaryIs>
          <LinearRing>
            <tessellate>1</tessellate>
            <coordinates>
              -68.0909491,-16.5080906,0
              -68.0908498,-16.508731,0
              -68.0906192,-16.5088004,0
              -68.0904985,-16.5083658,0
              -68.0907157,-16.5082655,0
              -68.0908525,-16.5081678,0
              -68.0909008,-16.5080752,0
              -68.0909491,-16.5080906,0
            </coordinates>
          </LinearRing>
        </outerBoundaryIs>
      </Polygon>
    </Placemark>
    <Placemark>
      <name>Territorio 6A</name>
      <styleUrl>#poly-0288D1-1200-77-nodesc</styleUrl>
      <Polygon>
        <outerBoundaryIs>
          <LinearRing>
            <tessellate>1</tessellate>
            <coordinates>
              -68.0862504,-16.5244206,0
              -68.085958,-16.5254749,0
              -68.0854001,-16.5253335,0
              -68.0856951,-16.5242792,0
              -68.0862504,-16.5244206,0
            </coordinates>
          </LinearRing>
        </outerBoundaryIs>
      </Polygon>
    </Placemark>
    <Placemark>
      <name>Territorio 6B</name>
      <styleUrl>#poly-0288D1-1200-77-nodesc</styleUrl>
      <Polygon>
        <outerBoundaryIs>
          <LinearRing>
            <tessellate>1</tessellate>
            <coordinates>
              -68.0869127,-16.5245878,0
              -68.0866123,-16.5256446,0
              -68.0860705,-16.5255083,0
              -68.0863521,-16.5244438,0
              -68.0869127,-16.5245878,0
            </coordinates>
          </LinearRing>
        </outerBoundaryIs>
      </Polygon>
    </Placemark>
    <Placemark>
      <name>Territorio 6C</name>
      <styleUrl>#poly-0288D1-1200-77-nodesc</styleUrl>
      <Polygon>
        <outerBoundaryIs>
          <LinearRing>
            <tessellate>1</tessellate>
            <coordinates>
              -68.0878642,-16.5243692,0
              -68.0879232,-16.5259866,0
              -68.0873814,-16.5258375,0
              -68.0878105,-16.5243666,0
              -68.0878642,-16.5243692,0
            </coordinates>
          </LinearRing>
        </outerBoundaryIs>
      </Polygon>
    </Placemark>
    <Placemark>
      <name>Territorio 6D</name>
      <styleUrl>#poly-0288D1-1200-77-nodesc</styleUrl>
      <Polygon>
        <outerBoundaryIs>
          <LinearRing>
            <tessellate>1</tessellate>
            <coordinates>
              -68.0858996,-16.5226023,0
              -68.0864548,-16.5225663,0
              -68.0865085,-16.5235255,0
              -68.0862724,-16.5243149,0
              -68.0857199,-16.5241889,0
              -68.0859076,-16.5234895,0
              -68.0858996,-16.5226023,0
            </coordinates>
          </LinearRing>
        </outerBoundaryIs>
      </Polygon>
    </Placemark>
    <Placemark>
      <name>Territorio 6E</name>
      <styleUrl>#poly-0288D1-1200-77-nodesc</styleUrl>
      <Polygon>
        <outerBoundaryIs>
          <LinearRing>
            <tessellate>1</tessellate>
            <coordinates>
              -68.087128,-16.5225509,0
              -68.0871844,-16.5236309,0
              -68.0871441,-16.5237286,0
              -68.0869215,-16.5236618,0
              -68.0868974,-16.5234715,0
              -68.0866211,-16.5234792,0
              -68.0865782,-16.5234458,0
              -68.0865541,-16.5225638,0
              -68.087128,-16.5225509,0
            </coordinates>
          </LinearRing>
        </outerBoundaryIs>
      </Polygon>
    </Placemark>
    <Placemark>
      <name>Territorio 6F</name>
      <styleUrl>#poly-0288D1-1200-77-nodesc</styleUrl>
      <Polygon>
        <outerBoundaryIs>
          <LinearRing>
            <tessellate>1</tessellate>
            <coordinates>
              -68.0871248,-16.5237839,0
              -68.0869289,-16.5244962,0
              -68.086363,-16.5243471,0
              -68.0865534,-16.5236399,0
              -68.0871248,-16.5237839,0
            </coordinates>
          </LinearRing>
        </outerBoundaryIs>
      </Polygon>
    </Placemark>
    <Placemark>
      <name>Territorio 6G</name>
      <styleUrl>#poly-0288D1-1200-77-nodesc</styleUrl>
      <Polygon>
        <outerBoundaryIs>
          <LinearRing>
            <tessellate>1</tessellate>
            <coordinates>
              -68.0877958,-16.522514,0
              -68.0878468,-16.5236146,0
              -68.0872594,-16.5236429,0
              -68.0872379,-16.5225397,0
              -68.0877958,-16.522514,0
            </coordinates>
          </LinearRing>
        </outerBoundaryIs>
      </Polygon>
    </Placemark>
    <Placemark>
      <name>Territorio 6H</name>
      <styleUrl>#poly-0288D1-1200-77-nodesc</styleUrl>
      <Polygon>
        <outerBoundaryIs>
          <LinearRing>
            <tessellate>1</tessellate>
            <coordinates>
              -68.0863796,-16.5212005,0
              -68.0864494,-16.5224631,0
              -68.0858834,-16.5224837,0
              -68.0858298,-16.5212185,0
              -68.0863796,-16.5212005,0
            </coordinates>
          </LinearRing>
        </outerBoundaryIs>
      </Polygon>
    </Placemark>
    <Placemark>
      <name>Territorio 6I</name>
      <styleUrl>#poly-0288D1-1200-77-nodesc</styleUrl>
      <Polygon>
        <outerBoundaryIs>
          <LinearRing>
            <tessellate>1</tessellate>
            <coordinates>
              -68.0870743,-16.5211799,0
              -68.0871307,-16.5224348,0
              -68.0865567,-16.5224631,0
              -68.0865003,-16.5211954,0
              -68.0870743,-16.5211799,0
            </coordinates>
          </LinearRing>
        </outerBoundaryIs>
      </Polygon>
    </Placemark>
    <Placemark>
      <name>Territorio 6J</name>
      <styleUrl>#poly-0288D1-1200-77-nodesc</styleUrl>
      <Polygon>
        <outerBoundaryIs>
          <LinearRing>
            <tessellate>1</tessellate>
            <coordinates>
              -68.0877449,-16.5211491,0
              -68.0877932,-16.5224091,0
              -68.0872245,-16.5224348,0
              -68.0871763,-16.5211748,0
              -68.0877449,-16.5211491,0
            </coordinates>
          </LinearRing>
        </outerBoundaryIs>
      </Polygon>
    </Placemark>
    <Placemark>
      <name>Territorio 6K</name>
      <styleUrl>#poly-0288D1-1200-77-nodesc</styleUrl>
      <Polygon>
        <outerBoundaryIs>
          <LinearRing>
            <tessellate>1</tessellate>
            <coordinates>
              -68.0878136,-16.5236804,0
              -68.0877707,-16.5239839,0
              -68.087202,-16.5238231,0
              -68.0872235,-16.5237151,0
              -68.0878136,-16.5236804,0
            </coordinates>
          </LinearRing>
        </outerBoundaryIs>
      </Polygon>
    </Placemark>
    <Placemark>
      <name>Territorio 6L</name>
      <styleUrl>#poly-0288D1-1200-77-nodesc</styleUrl>
      <Polygon>
        <outerBoundaryIs>
          <LinearRing>
            <tessellate>1</tessellate>
            <coordinates>
              -68.0875881,-16.5246314,0
              -68.0872663,-16.5257937,0
              -68.0867084,-16.525624,0
              -68.0870222,-16.5244668,0
              -68.0875881,-16.5246314,0
            </coordinates>
          </LinearRing>
        </outerBoundaryIs>
      </Polygon>
    </Placemark>
    <Placemark>
      <name>Territorio 39A</name>
      <styleUrl>#poly-795548-1200-77-nodesc</styleUrl>
      <Polygon>
        <outerBoundaryIs>
          <LinearRing>
            <tessellate>1</tessellate>
            <coordinates>
              -68.0942047,-16.5326724,0
              -68.0941752,-16.5328318,0
              -68.0942369,-16.5330581,0
              -68.0942851,-16.5333358,0
              -68.0942369,-16.5335621,0
              -68.0940732,-16.5338038,0
              -68.0938935,-16.5339632,0
              -68.0938882,-16.5335698,0
              -68.0938453,-16.5332715,0
              -68.0934215,-16.532549,0
              -68.0934376,-16.5323613,0
              -68.0938667,-16.5324616,0
              -68.0941242,-16.5325721,0
              -68.0942047,-16.5326724,0
            </coordinates>
          </LinearRing>
        </outerBoundaryIs>
      </Polygon>
    </Placemark>
    <Placemark>
      <name>Territorio 39B</name>
      <styleUrl>#poly-795548-1200-77-nodesc</styleUrl>
      <Polygon>
        <outerBoundaryIs>
          <LinearRing>
            <tessellate>1</tessellate>
            <coordinates>
              -68.0940625,-16.5338501,0
              -68.0949396,-16.5345932,0
              -68.0947787,-16.5348323,0
              -68.0939096,-16.5340686,0
              -68.0938909,-16.5340121,0
              -68.0940625,-16.5338501,0
            </coordinates>
          </LinearRing>
        </outerBoundaryIs>
      </Polygon>
    </Placemark>
    <Placemark>
      <name>Territorio 39C</name>
      <styleUrl>#poly-795548-1200-77-nodesc</styleUrl>
      <Polygon>
        <outerBoundaryIs>
          <LinearRing>
            <tessellate>1</tessellate>
            <coordinates>
              -68.094312,-16.5336084,0
              -68.0951703,-16.5343515,0
              -68.0949825,-16.5345546,0
              -68.0941483,-16.5338089,0
              -68.094312,-16.5336084,0
            </coordinates>
          </LinearRing>
        </outerBoundaryIs>
      </Polygon>
    </Placemark>
    <Placemark>
      <name>Territorio 39D</name>
      <styleUrl>#poly-795548-1200-77-nodesc</styleUrl>
      <Polygon>
        <outerBoundaryIs>
          <LinearRing>
            <tessellate>1</tessellate>
            <coordinates>
              -68.0949979,-16.5334779,0
              -68.0945956,-16.5337761,0
              -68.0943354,-16.5335421,0
              -68.0943408,-16.5333493,0
              -68.0942952,-16.5330099,0
              -68.0942389,-16.5328376,0
              -68.0942737,-16.5328067,0
              -68.0949899,-16.5334367,0
              -68.0949979,-16.5334779,0
            </coordinates>
          </LinearRing>
        </outerBoundaryIs>
      </Polygon>
    </Placemark>
    <Placemark>
      <name>Territorio 39E</name>
      <styleUrl>#poly-795548-1200-77-nodesc</styleUrl>
      <Polygon>
        <outerBoundaryIs>
          <LinearRing>
            <tessellate>1</tessellate>
            <coordinates>
              -68.0950366,-16.5334947,0
              -68.0954148,-16.5337904,0
              -68.0954094,-16.533829,0
              -68.095168,-16.534297,0
              -68.0946074,-16.533793,0
              -68.0950366,-16.5334947,0
            </coordinates>
          </LinearRing>
        </outerBoundaryIs>
      </Polygon>
    </Placemark>
    <Placemark>
      <name>Territorio 35A</name>
      <styleUrl>#poly-FFD600-1200-77-nodesc</styleUrl>
      <Polygon>
        <outerBoundaryIs>
          <LinearRing>
            <tessellate>1</tessellate>
            <coordinates>
              -68.0925717,-16.5349893,0
              -68.0924456,-16.5348042,0
              -68.0925556,-16.5345239,0
              -68.0926012,-16.5343233,0
              -68.0926843,-16.5342668,0
              -68.0928104,-16.5342436,0
              -68.0928506,-16.5342745,0
              -68.0928453,-16.5343413,0
              -68.0928721,-16.5344879,0
              -68.0928023,-16.5347219,0
              -68.0927138,-16.5348813,0
              -68.0925717,-16.5349893,0
            </coordinates>
          </LinearRing>
        </outerBoundaryIs>
      </Polygon>
    </Placemark>
    <Placemark>
      <name>Territorio 35B</name>
      <styleUrl>#poly-FFD600-1200-77-nodesc</styleUrl>
      <Polygon>
        <outerBoundaryIs>
          <LinearRing>
            <tessellate>1</tessellate>
            <coordinates>
              -68.0935235,-16.5343588,0
              -68.0934484,-16.5346442,0
              -68.0932687,-16.5348654,0
              -68.093148,-16.5352099,0
              -68.0930595,-16.5354619,0
              -68.0928503,-16.5353308,0
              -68.0926304,-16.5350351,0
              -68.0928422,-16.5348345,0
              -68.0929442,-16.5344694,0
              -68.0929147,-16.5343228,0
              -68.0930541,-16.5342842,0
              -68.0932499,-16.5342997,0
              -68.0935235,-16.5343588,0
            </coordinates>
          </LinearRing>
        </outerBoundaryIs>
      </Polygon>
    </Placemark>
    <Placemark>
      <name>Territorio 35C</name>
      <styleUrl>#poly-FFD600-1200-77-nodesc</styleUrl>
      <Polygon>
        <outerBoundaryIs>
          <LinearRing>
            <tessellate>1</tessellate>
            <coordinates>
              -68.0929402,-16.5337811,0
              -68.093144,-16.5337657,0
              -68.0933667,-16.5338119,0
              -68.0935544,-16.5338737,0
              -68.0937905,-16.5338659,0
              -68.0937985,-16.5339637,0
              -68.093769,-16.5340691,0
              -68.0935544,-16.5343133,0
              -68.093364,-16.5342516,0
              -68.0931092,-16.5342516,0
              -68.0929161,-16.5342953,0
              -68.0929402,-16.5337811,0
            </coordinates>
          </LinearRing>
        </outerBoundaryIs>
      </Polygon>
    </Placemark>
    <Placemark>
      <name>Territorio 35D</name>
      <styleUrl>#poly-FFD600-1200-77-nodesc</styleUrl>
      <Polygon>
        <outerBoundaryIs>
          <LinearRing>
            <tessellate>1</tessellate>
            <coordinates>
              -68.0931237,-16.5332373,0
              -68.0932149,-16.5334353,0
              -68.0931559,-16.5337464,0
              -68.0929359,-16.5337567,0
              -68.092944,-16.5336513,0
              -68.09296,-16.5335767,0
              -68.0929037,-16.5335176,0
              -68.0927589,-16.5334122,0
              -68.0929627,-16.5333325,0
              -68.0931237,-16.5332373,0
            </coordinates>
          </LinearRing>
        </outerBoundaryIs>
      </Polygon>
    </Placemark>
    <Placemark>
      <name>Territorio 35E</name>
      <styleUrl>#poly-FFD600-1200-77-nodesc</styleUrl>
      <Polygon>
        <outerBoundaryIs>
          <LinearRing>
            <tessellate>1</tessellate>
            <coordinates>
              -68.0932631,-16.5324839,0
              -68.0937647,-16.5333273,0
              -68.0937969,-16.5338184,0
              -68.0935555,-16.5338467,0
              -68.0931988,-16.533731,0
              -68.093247,-16.5334584,0
              -68.0932202,-16.5332965,0
              -68.0932149,-16.5332167,0
              -68.0931719,-16.5331705,0
              -68.0927321,-16.5334019,0
              -68.0925684,-16.5333325,0
              -68.0923914,-16.5332219,0
              -68.0921661,-16.5330188,0
              -68.0924317,-16.5331113,0
              -68.0932631,-16.5324839,0
            </coordinates>
          </LinearRing>
        </outerBoundaryIs>
      </Polygon>
    </Placemark>
    <Placemark>
      <name>Territorio 35F</name>
      <styleUrl>#poly-FFD600-1200-77-nodesc</styleUrl>
      <Polygon>
        <outerBoundaryIs>
          <LinearRing>
            <tessellate>1</tessellate>
            <coordinates>
              -68.0928268,-16.532056,0
              -68.0932184,-16.5324751,0
              -68.0923977,-16.5330717,0
              -68.0922421,-16.5330125,0
              -68.0922179,-16.5329688,0
              -68.0921348,-16.5328274,0
              -68.0921348,-16.5327246,0
              -68.0928268,-16.532056,0
            </coordinates>
          </LinearRing>
        </outerBoundaryIs>
      </Polygon>
    </Placemark>
    <Placemark>
      <name>Territorio 35G</name>
      <styleUrl>#poly-FFD600-1200-77-nodesc</styleUrl>
      <Polygon>
        <outerBoundaryIs>
          <LinearRing>
            <tessellate>1</tessellate>
            <coordinates>
              -68.0918477,-16.5323554,0
              -68.092124,-16.5319517,0
              -68.092411,-16.5316483,0
              -68.0926845,-16.5320777,0
              -68.0920676,-16.5326948,0
              -68.0921186,-16.5329725,0
              -68.091837,-16.5324249,0
              -68.0918477,-16.5323554,0
            </coordinates>
          </LinearRing>
        </outerBoundaryIs>
      </Polygon>
    </Placemark>
    <Placemark>
      <name>Territorio 38A</name>
      <styleUrl>#poly-673AB7-1200-77-nodesc</styleUrl>
      <Polygon>
        <outerBoundaryIs>
          <LinearRing>
            <tessellate>1</tessellate>
            <coordinates>
              -68.0943433,-16.5353538,0
              -68.0945928,-16.5355878,0
              -68.0946008,-16.5356932,0
              -68.094346,-16.5361843,0
              -68.0941234,-16.5360583,0
              -68.0941368,-16.5360403,0
              -68.0939329,-16.5357806,0
              -68.0943433,-16.5353538,0
            </coordinates>
          </LinearRing>
        </outerBoundaryIs>
      </Polygon>
    </Placemark>
    <Placemark>
      <name>Territorio 38B</name>
      <styleUrl>#poly-673AB7-1200-77-nodesc</styleUrl>
      <Polygon>
        <outerBoundaryIs>
          <LinearRing>
            <tessellate>1</tessellate>
            <coordinates>
              -68.0938632,-16.5358192,0
              -68.0941354,-16.5361535,0
              -68.0942012,-16.5361458,0
              -68.0943299,-16.5361997,0
              -68.0943594,-16.5362692,0
              -68.0942012,-16.5363772,0
              -68.0940456,-16.5365417,0
              -68.0936191,-16.5367089,0
              -68.0935601,-16.5363489,0
              -68.093544,-16.536264,0
              -68.0938632,-16.5358192,0
            </coordinates>
          </LinearRing>
        </outerBoundaryIs>
      </Polygon>
    </Placemark>
    <Placemark>
      <name>Territorio 38C</name>
      <styleUrl>#poly-673AB7-1200-77-nodesc</styleUrl>
      <Polygon>
        <outerBoundaryIs>
          <LinearRing>
            <tessellate>1</tessellate>
            <coordinates>
              -68.0939487,-16.5348906,0
              -68.094292,-16.5352892,0
              -68.0938575,-16.5357443,0
              -68.0935383,-16.5360734,0
              -68.0934123,-16.536004,0
              -68.0930234,-16.535482,0
              -68.0931306,-16.5355052,0
              -68.0932138,-16.5353972,0
              -68.0935196,-16.5354512,0
              -68.093533,-16.5354203,0
              -68.0932111,-16.5353689,0
              -68.093313,-16.5349806,0
              -68.0935062,-16.5350346,0
              -68.0936269,-16.5350115,0
              -68.0938495,-16.5349446,0
              -68.0939487,-16.5348906,0
            </coordinates>
          </LinearRing>
        </outerBoundaryIs>
      </Polygon>
    </Placemark>
    <Placemark>
      <name>Territorio 38D</name>
      <styleUrl>#poly-673AB7-1200-77-nodesc</styleUrl>
      <Polygon>
        <outerBoundaryIs>
          <LinearRing>
            <tessellate>1</tessellate>
            <coordinates>
              -68.0938336,-16.5347588,0
              -68.0938791,-16.5349003,0
              -68.0935251,-16.53498,0
              -68.09334,-16.5349363,0
              -68.0934741,-16.5347691,0
              -68.0938336,-16.5347588,0
            </coordinates>
          </LinearRing>
        </outerBoundaryIs>
      </Polygon>
    </Placemark>
    <Placemark>
      <name>Territorio 38E</name>
      <styleUrl>#poly-673AB7-1200-77-nodesc</styleUrl>
      <Polygon>
        <outerBoundaryIs>
          <LinearRing>
            <tessellate>1</tessellate>
            <coordinates>
              -68.0947316,-16.534872,0
              -68.0943856,-16.5351908,0
              -68.0943293,-16.5351857,0
              -68.093648,-16.534386,0
              -68.0936453,-16.5343346,0
              -68.093876,-16.5341263,0
              -68.0947316,-16.534872,0
            </coordinates>
          </LinearRing>
        </outerBoundaryIs>
      </Polygon>
    </Placemark>
    <Placemark>
      <name>Territorio 36A</name>
      <styleUrl>#poly-097138-1200-77-nodesc</styleUrl>
      <Polygon>
        <outerBoundaryIs>
          <LinearRing>
            <tessellate>1</tessellate>
            <coordinates>
              -68.0925994,-16.5351097,0
              -68.0926865,-16.5352756,0
              -68.0926771,-16.5353848,0
              -68.0923056,-16.5359312,0
              -68.0922051,-16.5358567,0
              -68.0924062,-16.5355404,0
              -68.0925229,-16.5353103,0
              -68.0925994,-16.5351097,0
            </coordinates>
          </LinearRing>
        </outerBoundaryIs>
      </Polygon>
    </Placemark>
    <Placemark>
      <name>Territorio 36B</name>
      <styleUrl>#poly-097138-1200-77-nodesc</styleUrl>
      <Polygon>
        <outerBoundaryIs>
          <LinearRing>
            <tessellate>1</tessellate>
            <coordinates>
              -68.0924132,-16.5348541,0
              -68.0925822,-16.5350881,0
              -68.0923757,-16.5355432,0
              -68.0921866,-16.5358415,0
              -68.0919264,-16.5357052,0
              -68.0919599,-16.5356319,0
              -68.0920632,-16.5356024,0
              -68.0922704,-16.5352,0
              -68.0924132,-16.5348541,0
            </coordinates>
          </LinearRing>
        </outerBoundaryIs>
      </Polygon>
    </Placemark>
    <Placemark>
      <name>Territorio 36C</name>
      <styleUrl>#poly-097138-1200-77-nodesc</styleUrl>
      <Polygon>
        <outerBoundaryIs>
          <LinearRing>
            <tessellate>1</tessellate>
            <coordinates>
              -68.0928451,-16.5354341,0
              -68.0930047,-16.5355306,0
              -68.0926694,-16.5359098,0
              -68.092605,-16.5358815,0
              -68.0925192,-16.5359792,0
              -68.0924253,-16.5358995,0
              -68.0927928,-16.5354341,0
              -68.0928451,-16.5354341,0
            </coordinates>
          </LinearRing>
        </outerBoundaryIs>
      </Polygon>
    </Placemark>
    <Placemark>
      <name>Territorio 36D</name>
      <styleUrl>#poly-097138-1200-77-nodesc</styleUrl>
      <Polygon>
        <outerBoundaryIs>
          <LinearRing>
            <tessellate>1</tessellate>
            <coordinates>
              -68.0914245,-16.5364962,0
              -68.0916029,-16.5363393,0
              -68.0917557,-16.5361593,0
              -68.0918979,-16.5357402,0
              -68.0922332,-16.5359254,0
              -68.0917973,-16.5366556,0
              -68.0916042,-16.536563,0
              -68.091568,-16.536581,0
              -68.0914245,-16.5364962,0
            </coordinates>
          </LinearRing>
        </outerBoundaryIs>
      </Polygon>
    </Placemark>
    <Placemark>
      <name>Territorio 36E</name>
      <styleUrl>#poly-097138-1200-77-nodesc</styleUrl>
      <Polygon>
        <outerBoundaryIs>
          <LinearRing>
            <tessellate>1</tessellate>
            <coordinates>
              -68.0922412,-16.5359973,0
              -68.0922895,-16.5360063,0
              -68.0923525,-16.5361053,0
              -68.0925094,-16.5362879,0
              -68.0925148,-16.5363625,0
              -68.0923512,-16.536536,0
              -68.0920964,-16.5367623,0
              -68.0919355,-16.5367764,0
              -68.0918255,-16.5366697,0
              -68.0922412,-16.5359973,0
            </coordinates>
          </LinearRing>
        </outerBoundaryIs>
      </Polygon>
    </Placemark>
    <Placemark>
      <name>Territorio 36F</name>
      <styleUrl>#poly-097138-1200-77-nodesc</styleUrl>
      <Polygon>
        <outerBoundaryIs>
          <LinearRing>
            <tessellate>1</tessellate>
            <coordinates>
              -68.091856,-16.5367302,0
              -68.0918694,-16.5367764,0
              -68.0917568,-16.5369924,0
              -68.0917447,-16.5371056,0
              -68.0917045,-16.5371313,0
              -68.0911667,-16.5368664,0
              -68.0912606,-16.536698,0
              -68.0914,-16.5365155,0
              -68.091856,-16.5367302,0
            </coordinates>
          </LinearRing>
        </outerBoundaryIs>
      </Polygon>
    </Placemark>
    <Placemark>
      <name>Territorio 36G</name>
      <styleUrl>#poly-097138-1200-77-nodesc</styleUrl>
      <Polygon>
        <outerBoundaryIs>
          <LinearRing>
            <tessellate>1</tessellate>
            <coordinates>
              -68.0912874,-16.5369819,0
              -68.0914926,-16.5370648,0
              -68.0917058,-16.537176,0
              -68.091736,-16.5372139,0
              -68.0917527,-16.5372596,0
              -68.0917433,-16.5373406,0
              -68.0916468,-16.5373702,0
              -68.0912753,-16.5371953,0
              -68.0912874,-16.5369819,0
            </coordinates>
          </LinearRing>
        </outerBoundaryIs>
      </Polygon>
    </Placemark>
    <Placemark>
      <name>Territorio 36H</name>
      <styleUrl>#poly-097138-1200-77-nodesc</styleUrl>
      <Polygon>
        <outerBoundaryIs>
          <LinearRing>
            <tessellate>1</tessellate>
            <coordinates>
              -68.0920347,-16.5368254,0
              -68.0920481,-16.5368537,0
              -68.0920105,-16.5369282,0
              -68.0923217,-16.5371417,0
              -68.0923297,-16.5372008,0
              -68.0921715,-16.5375042,0
              -68.0922278,-16.5378179,0
              -68.0923619,-16.538291,0
              -68.0923398,-16.538335,0
              -68.0923552,-16.5383611,0
              -68.0923485,-16.5384132,0
              -68.0923174,-16.5383981,0
              -68.0923023,-16.5383624,0
              -68.0922479,-16.5383373,0
              -68.0921393,-16.5382833,0
              -68.0920655,-16.5382511,0
              -68.0919247,-16.5380287,0
              -68.0917866,-16.537787,0
              -68.0917665,-16.5377176,0
              -68.091855,-16.5372677,0
              -68.0918228,-16.5371134,0
              -68.0918282,-16.5369694,0
              -68.0919006,-16.5368434,0
              -68.0919703,-16.5368151,0
              -68.0920347,-16.5368254,0
            </coordinates>
          </LinearRing>
        </outerBoundaryIs>
      </Polygon>
    </Placemark>
    <Placemark>
      <name>Territorio 37A</name>
      <styleUrl>#poly-A52714-1200-77-nodesc</styleUrl>
      <Polygon>
        <outerBoundaryIs>
          <LinearRing>
            <tessellate>1</tessellate>
            <coordinates>
              -68.0926012,-16.536353,0
              -68.0926374,-16.5363646,0
              -68.0926374,-16.5363415,0
              -68.0927206,-16.5363697,0
              -68.0926937,-16.536452,0
              -68.0928118,-16.5365549,0
              -68.0930719,-16.5367066,0
              -68.0933026,-16.5367503,0
              -68.0931926,-16.5370923,0
              -68.0923504,-16.5370023,0
              -68.0923263,-16.5370408,0
              -68.0921439,-16.5369277,0
              -68.0921358,-16.5368531,0
              -68.0923451,-16.5366654,0
              -68.0925543,-16.5364957,0
              -68.0926012,-16.536353,0
            </coordinates>
          </LinearRing>
        </outerBoundaryIs>
      </Polygon>
    </Placemark>
    <Placemark>
      <name>Territorio 37B</name>
      <styleUrl>#poly-A52714-1200-77-nodesc</styleUrl>
      <Polygon>
        <outerBoundaryIs>
          <LinearRing>
            <tessellate>1</tessellate>
            <coordinates>
              -68.0931926,-16.5370923,0
              -68.0926646,-16.5375914,0
              -68.0926257,-16.5375798,0
              -68.0926029,-16.5376274,0
              -68.0925761,-16.5376094,0
              -68.0926686,-16.5374628,0
              -68.0926552,-16.5374564,0
              -68.0925747,-16.5375862,0
              -68.0923199,-16.5374204,0
              -68.0924004,-16.537243,0
              -68.092395,-16.5371118,0
              -68.0923655,-16.5370295,0
              -68.0924969,-16.5370398,0
              -68.0924996,-16.5370733,0
              -68.0927169,-16.5370913,0
              -68.0931926,-16.5370923,0
            </coordinates>
          </LinearRing>
        </outerBoundaryIs>
      </Polygon>
    </Placemark>
    <Placemark>
      <name>Territorio 37C</name>
      <styleUrl>#poly-A52714-1200-77-nodesc</styleUrl>
      <Polygon>
        <outerBoundaryIs>
          <LinearRing>
            <tessellate>1</tessellate>
            <coordinates>
              -68.092269,-16.5374892,0
              -68.0925385,-16.5376602,0
              -68.0925546,-16.5376177,0
              -68.0925881,-16.5376473,0
              -68.0925895,-16.5376692,0
              -68.0927477,-16.5376666,0
              -68.0931997,-16.5378324,0
              -68.0932962,-16.5380741,0
              -68.0929972,-16.5381397,0
              -68.0929985,-16.538159,0
              -68.0932708,-16.5380986,0
              -68.0933552,-16.5383248,0
              -68.0933472,-16.5383582,0
              -68.0930414,-16.5384791,0
              -68.092741,-16.5384328,0
              -68.0925318,-16.5384688,0
              -68.0924165,-16.5382091,0
              -68.0923608,-16.5380516,0
              -68.0923213,-16.5378813,0
              -68.0922857,-16.5376839,0
              -68.0922368,-16.5375277,0
              -68.092269,-16.5374892,0
            </coordinates>
          </LinearRing>
        </outerBoundaryIs>
      </Polygon>
    </Placemark>
    <Placemark>
      <name>Territorio 54A</name>
      <styleUrl>#poly-673AB7-1200-77-nodesc</styleUrl>
      <Polygon>
        <outerBoundaryIs>
          <LinearRing>
            <tessellate>1</tessellate>
            <coordinates>
              -68.0823097,-16.5120073,0
              -68.0823419,-16.5121205,0
              -68.0824224,-16.5121796,0
              -68.0825779,-16.5122593,0
              -68.0827872,-16.5124805,0
              -68.083046,-16.5132198,0
              -68.0829538,-16.5135474,0
              -68.0830762,-16.5140009,0
              -68.0828703,-16.5140517,0
              -68.0827791,-16.5138769,0
              -68.0826182,-16.5133677,0
              -68.0825002,-16.5128456,0
              -68.0825109,-16.5127505,0
              -68.0826155,-16.512645,0
              -68.082307,-16.5123545,0
              -68.0821059,-16.512051,0
              -68.0823097,-16.5120073,0
            </coordinates>
          </LinearRing>
        </outerBoundaryIs>
      </Polygon>
    </Placemark>
    <Placemark>
      <name>Territorio 54B</name>
      <styleUrl>#poly-673AB7-1200-77-nodesc</styleUrl>
      <Polygon>
        <outerBoundaryIs>
          <LinearRing>
            <tessellate>1</tessellate>
            <coordinates>
              -68.0820443,-16.5120688,0
              -68.0821731,-16.5123054,0
              -68.0825244,-16.5126217,0
              -68.0825204,-16.5126461,0
              -68.0819397,-16.5127786,0
              -68.0817734,-16.5121537,0
              -68.0817868,-16.5121228,0
              -68.0820443,-16.5120688,0
            </coordinates>
          </LinearRing>
        </outerBoundaryIs>
      </Polygon>
    </Placemark>
    <Placemark>
      <name>Territorio 54C</name>
      <styleUrl>#poly-673AB7-1200-77-nodesc</styleUrl>
      <Polygon>
        <outerBoundaryIs>
          <LinearRing>
            <tessellate>1</tessellate>
            <coordinates>
              -68.0817009,-16.5121391,0
              -68.0818699,-16.5127897,0
              -68.0816017,-16.5128643,0
              -68.0814166,-16.5121982,0
              -68.0817009,-16.5121391,0
            </coordinates>
          </LinearRing>
        </outerBoundaryIs>
      </Polygon>
    </Placemark>
    <Placemark>
      <name>Territorio 54D</name>
      <styleUrl>#poly-673AB7-1200-77-nodesc</styleUrl>
      <Polygon>
        <outerBoundaryIs>
          <LinearRing>
            <tessellate>1</tessellate>
            <coordinates>
              -68.0813575,-16.5122124,0
              -68.0815318,-16.5128835,0
              -68.0810142,-16.5130096,0
              -68.0809793,-16.512989,0
              -68.0808023,-16.5123435,0
              -68.0813575,-16.5122124,0
            </coordinates>
          </LinearRing>
        </outerBoundaryIs>
      </Polygon>
    </Placemark>
    <Placemark>
      <name>Territorio 54E</name>
      <styleUrl>#poly-673AB7-1200-77-nodesc</styleUrl>
      <Polygon>
        <outerBoundaryIs>
          <LinearRing>
            <tessellate>1</tessellate>
            <coordinates>
              -68.0807345,-16.5123673,0
              -68.0809169,-16.5130154,0
              -68.0806299,-16.5130411,0
              -68.0803214,-16.5129588,0
              -68.0802114,-16.5125242,0
              -68.0802302,-16.5124856,0
              -68.0807345,-16.5123673,0
            </coordinates>
          </LinearRing>
        </outerBoundaryIs>
      </Polygon>
    </Placemark>
    <Placemark>
      <name>Territorio 54F</name>
      <styleUrl>#poly-673AB7-1200-77-nodesc</styleUrl>
      <Polygon>
        <outerBoundaryIs>
          <LinearRing>
            <tessellate>1</tessellate>
            <coordinates>
              -68.0801399,-16.5125218,0
              -68.0802687,-16.5129307,0
              -68.0802446,-16.5129641,0
              -68.0795794,-16.5128278,0
              -68.079523,-16.5126478,0
              -68.0801399,-16.5125218,0
            </coordinates>
          </LinearRing>
        </outerBoundaryIs>
      </Polygon>
    </Placemark>
    <Placemark>
      <name>Territorio 54G</name>
      <styleUrl>#poly-673AB7-1200-77-nodesc</styleUrl>
      <Polygon>
        <outerBoundaryIs>
          <LinearRing>
            <tessellate>1</tessellate>
            <coordinates>
              -68.079456,-16.5126607,0
              -68.0794882,-16.5128638,0
              -68.0797054,-16.5128921,0
              -68.0795901,-16.5133293,0
              -68.0792521,-16.5132367,0
              -68.0792146,-16.5126607,0
              -68.079456,-16.5126607,0
            </coordinates>
          </LinearRing>
        </outerBoundaryIs>
      </Polygon>
    </Placemark>
    <Placemark>
      <name>Territorio 54H</name>
      <styleUrl>#poly-673AB7-1200-77-nodesc</styleUrl>
      <Polygon>
        <outerBoundaryIs>
          <LinearRing>
            <tessellate>1</tessellate>
            <coordinates>
              -68.0791439,-16.5126645,0
              -68.0791734,-16.5131788,0
              -68.0786315,-16.5129705,0
              -68.0787388,-16.512775,0
              -68.0789159,-16.5128136,0
              -68.0789051,-16.5126619,0
              -68.0791439,-16.5126645,0
            </coordinates>
          </LinearRing>
        </outerBoundaryIs>
      </Polygon>
    </Placemark>
    <Placemark>
      <name>Territorio 54I</name>
      <styleUrl>#poly-673AB7-1200-77-nodesc</styleUrl>
      <Polygon>
        <outerBoundaryIs>
          <LinearRing>
            <tessellate>1</tessellate>
            <coordinates>
              -68.0792342,-16.5132894,0
              -68.0790545,-16.5136828,0
              -68.0785797,-16.5134257,0
              -68.0785958,-16.5132225,0
              -68.0786468,-16.5132225,0
              -68.0787139,-16.5130554,0
              -68.0792342,-16.5132894,0
            </coordinates>
          </LinearRing>
        </outerBoundaryIs>
      </Polygon>
    </Placemark>
    <Placemark>
      <name>Territorio 54J</name>
      <styleUrl>#poly-673AB7-1200-77-nodesc</styleUrl>
      <Polygon>
        <outerBoundaryIs>
          <LinearRing>
            <tessellate>1</tessellate>
            <coordinates>
              -68.0796379,-16.5134064,0
              -68.0795372,-16.5138693,0
              -68.0791095,-16.513769,0
              -68.0791551,-16.5135452,0
              -68.0792946,-16.5133138,0
              -68.0796379,-16.5134064,0
            </coordinates>
          </LinearRing>
        </outerBoundaryIs>
      </Polygon>
    </Placemark>
    <Placemark>
      <name>Territorio 54K</name>
      <styleUrl>#poly-673AB7-1200-77-nodesc</styleUrl>
      <Polygon>
        <outerBoundaryIs>
          <LinearRing>
            <tessellate>1</tessellate>
            <coordinates>
              -68.0802081,-16.5140493,0
              -68.0801491,-16.5144453,0
              -68.0800793,-16.5144942,0
              -68.079508,-16.5142473,0
              -68.0795831,-16.5139361,0
              -68.0802081,-16.5140493,0
            </coordinates>
          </LinearRing>
        </outerBoundaryIs>
      </Polygon>
    </Placemark>
    <Placemark>
      <name>Territorio 54L</name>
      <styleUrl>#poly-673AB7-1200-77-nodesc</styleUrl>
      <Polygon>
        <outerBoundaryIs>
          <LinearRing>
            <tessellate>1</tessellate>
            <coordinates>
              -68.0798899,-16.5144751,0
              -68.0798215,-16.514713,0
              -68.079787,-16.514984,0
              -68.0794304,-16.5150288,0
              -68.0794479,-16.5150558,0
              -68.0798061,-16.5150261,0
              -68.0802788,-16.5150949,0
              -68.0802233,-16.515391,0
              -68.0796261,-16.5153206,0
              -68.0793783,-16.5154652,0
              -68.0790541,-16.5151406,0
              -68.07932,-16.5149561,0
              -68.0794286,-16.5143646,0
              -68.0794621,-16.5143774,0
              -68.0794903,-16.5143221,0
              -68.0795359,-16.5143067,0
              -68.0798899,-16.5144751,0
            </coordinates>
          </LinearRing>
        </outerBoundaryIs>
      </Polygon>
    </Placemark>
    <Placemark>
      <name>Territorio 54M</name>
      <styleUrl>#poly-673AB7-1200-77-nodesc</styleUrl>
      <Polygon>
        <outerBoundaryIs>
          <LinearRing>
            <tessellate>1</tessellate>
            <coordinates>
              -68.0804,-16.5145595,0
              -68.0804859,-16.5150866,0
              -68.0798609,-16.5149838,0
              -68.0799226,-16.5145235,0
              -68.0799816,-16.5145106,0
              -68.0804,-16.5145595,0
            </coordinates>
          </LinearRing>
        </outerBoundaryIs>
      </Polygon>
    </Placemark>
    <Placemark>
      <name>Territorio 54N</name>
      <styleUrl>#poly-673AB7-1200-77-nodesc</styleUrl>
      <Polygon>
        <outerBoundaryIs>
          <LinearRing>
            <tessellate>1</tessellate>
            <coordinates>
              -68.0807672,-16.513153,0
              -68.0808825,-16.5136108,0
              -68.0808503,-16.5136416,0
              -68.0796326,-16.5133407,0
              -68.0797721,-16.5129113,0
              -68.0807672,-16.513153,0
            </coordinates>
          </LinearRing>
        </outerBoundaryIs>
      </Polygon>
    </Placemark>
    <Placemark>
      <name>Territorio 54O</name>
      <styleUrl>#poly-673AB7-1200-77-nodesc</styleUrl>
      <Polygon>
        <outerBoundaryIs>
          <LinearRing>
            <tessellate>1</tessellate>
            <coordinates>
              -68.0809057,-16.5137217,0
              -68.0810157,-16.5140766,0
              -68.0809996,-16.5141074,0
              -68.0795834,-16.5138734,0
              -68.079688,-16.5134311,0
              -68.0809057,-16.5137217,0
            </coordinates>
          </LinearRing>
        </outerBoundaryIs>
      </Polygon>
    </Placemark>
    <Placemark>
      <name>Territorio 54P</name>
      <styleUrl>#poly-673AB7-1200-77-nodesc</styleUrl>
      <Polygon>
        <outerBoundaryIs>
          <LinearRing>
            <tessellate>1</tessellate>
            <coordinates>
              -68.0813187,-16.5131243,0
              -68.0814475,-16.5135872,0
              -68.0815601,-16.5140321,0
              -68.0816808,-16.5143613,0
              -68.0816969,-16.5144976,0
              -68.0811243,-16.5145207,0
              -68.0809432,-16.5145477,0
              -68.0808037,-16.5141504,0
              -68.0811256,-16.5142031,0
              -68.081359,-16.5141967,0
              -68.0813536,-16.5141504,0
              -68.0810854,-16.5141093,0
              -68.0808359,-16.5131758,0
              -68.081021,-16.5132221,0
              -68.0813187,-16.5131243,0
            </coordinates>
          </LinearRing>
        </outerBoundaryIs>
      </Polygon>
    </Placemark>
    <Placemark>
      <name>Territorio 54Q</name>
      <styleUrl>#poly-673AB7-1200-77-nodesc</styleUrl>
      <Polygon>
        <outerBoundaryIs>
          <LinearRing>
            <tessellate>1</tessellate>
            <coordinates>
              -68.0817095,-16.514535,0
              -68.0817631,-16.5149181,0
              -68.0817148,-16.5153707,0
              -68.0813447,-16.5152627,0
              -68.0813474,-16.5149079,0
              -68.0811596,-16.5147124,0
              -68.0809611,-16.5146996,0
              -68.0809611,-16.5145915,0
              -68.0812696,-16.5145324,0
              -68.0814171,-16.5145504,0
              -68.0817095,-16.514535,0
            </coordinates>
          </LinearRing>
        </outerBoundaryIs>
      </Polygon>
    </Placemark>
    <Placemark>
      <name>Territorio 54R</name>
      <styleUrl>#poly-673AB7-1200-77-nodesc</styleUrl>
      <Polygon>
        <outerBoundaryIs>
          <LinearRing>
            <tessellate>1</tessellate>
            <coordinates>
              -68.0824067,-16.5127644,0
              -68.0824227,-16.5129059,0
              -68.0825113,-16.5132119,0
              -68.0815296,-16.5135462,0
              -68.0813981,-16.5131013,0
              -68.0824067,-16.5127644,0
            </coordinates>
          </LinearRing>
        </outerBoundaryIs>
      </Polygon>
    </Placemark>
    <Placemark>
      <name>Territorio 54S</name>
      <styleUrl>#poly-673AB7-1200-77-nodesc</styleUrl>
      <Polygon>
        <outerBoundaryIs>
          <LinearRing>
            <tessellate>1</tessellate>
            <coordinates>
              -68.0819927,-16.5134761,0
              -68.0821778,-16.5140804,0
              -68.0821134,-16.5148622,0
              -68.0820357,-16.514929,0
              -68.0819901,-16.5151476,0
              -68.0819552,-16.5154793,0
              -68.0818358,-16.5155426,0
              -68.081752,-16.5156707,0
              -68.0816578,-16.5161424,0
              -68.0816281,-16.5161609,0
              -68.0813893,-16.5160766,0
              -68.0815234,-16.5153855,0
              -68.0817306,-16.5154279,0
              -68.0817849,-16.5154035,0
              -68.0817889,-16.5151733,0
              -68.0818533,-16.514947,0
              -68.0817755,-16.5144507,0
              -68.0815287,-16.5136227,0
              -68.0819927,-16.5134761,0
            </coordinates>
          </LinearRing>
        </outerBoundaryIs>
      </Polygon>
    </Placemark>
    <Placemark>
      <name>Territorio 54T</name>
      <styleUrl>#poly-673AB7-1200-77-nodesc</styleUrl>
      <Polygon>
        <outerBoundaryIs>
          <LinearRing>
            <tessellate>1</tessellate>
            <coordinates>
              -68.0825242,-16.5132878,0
              -68.0827495,-16.5140901,0
              -68.0827066,-16.514481,0
              -68.0822345,-16.5144295,0
              -68.0822506,-16.5140952,0
              -68.0820789,-16.5134472,0
              -68.0825242,-16.5132878,0
            </coordinates>
          </LinearRing>
        </outerBoundaryIs>
      </Polygon>
    </Placemark>
    <Placemark>
      <name>Territorio 54U</name>
      <styleUrl>#poly-673AB7-1200-77-nodesc</styleUrl>
      <Polygon>
        <outerBoundaryIs>
          <LinearRing>
            <tessellate>1</tessellate>
            <coordinates>
              -68.0826529,-16.5145581,0
              -68.0826717,-16.5145813,0
              -68.0824276,-16.514985,0
              -68.0822694,-16.5156099,0
              -68.0819878,-16.515507,0
              -68.0820977,-16.514949,0
              -68.082197,-16.514877,0
              -68.0822238,-16.5144861,0
              -68.0826529,-16.5145581,0
            </coordinates>
          </LinearRing>
        </outerBoundaryIs>
      </Polygon>
    </Placemark>
    <Placemark>
      <name>Territorio 54W</name>
      <styleUrl>#poly-673AB7-1200-77-nodesc</styleUrl>
      <Polygon>
        <outerBoundaryIs>
          <LinearRing>
            <tessellate>1</tessellate>
            <coordinates>
              -68.0822108,-16.5156763,0
              -68.0819399,-16.5160929,0
              -68.0818648,-16.5162832,0
              -68.0817334,-16.5166458,0
              -68.0817656,-16.5166767,0
              -68.0816207,-16.5169261,0
              -68.0815295,-16.5169775,0
              -68.0813981,-16.5169801,0
              -68.0813606,-16.5169107,0
              -68.0814249,-16.5168387,0
              -68.0814303,-16.5165455,0
              -68.0813471,-16.5161264,0
              -68.0816851,-16.5162241,0
              -68.0817575,-16.5160749,0
              -68.0817763,-16.5158692,0
              -68.0818246,-16.5156686,0
              -68.0819211,-16.5155683,0
              -68.0822108,-16.5156763,0
            </coordinates>
          </LinearRing>
        </outerBoundaryIs>
      </Polygon>
    </Placemark>
    <Placemark>
      <name>Territorio 54X</name>
      <styleUrl>#poly-673AB7-1200-77-nodesc</styleUrl>
      <Polygon>
        <outerBoundaryIs>
          <LinearRing>
            <tessellate>1</tessellate>
            <coordinates>
              -68.0831101,-16.5141689,0
              -68.0832148,-16.5144158,0
              -68.0829251,-16.5147475,0
              -68.0826434,-16.5155601,0
              -68.0824745,-16.5156964,0
              -68.0821177,-16.5163984,0
              -68.0822036,-16.5164396,0
              -68.082099,-16.5166941,0
              -68.0817985,-16.5166016,0
              -68.0819756,-16.5161258,0
              -68.0823457,-16.5156321,0
              -68.0825388,-16.5149095,0
              -68.0827936,-16.5144929,0
              -68.0828607,-16.514228,0
              -68.0831101,-16.5141689,0
            </coordinates>
          </LinearRing>
        </outerBoundaryIs>
      </Polygon>
    </Placemark>
  </Document>
</kml>
